"date";"change"
"2013-03-22";0.0029
"2013-03-21";-0.0027
"2013-03-20";0.0000
"2013-03-19";0.0011
"2013-03-18";-0.0119
"2013-03-15";0.0115
"2013-03-14";-0.0033
"2013-03-13";-0.0055
"2013-03-12";0.0045
"2013-03-11";-0.0073
"2013-03-08";0.0061
"2013-03-07";-0.0019
"2013-03-06";0.0000
"2013-03-05";0.0020
"2013-03-04";0.0005
"2013-03-01";-0.0098
"2013-02-28";0.0024
"2013-02-27";0.0015
"2013-02-26";-0.0170
"2013-02-25";0.0089
"2013-02-22";0.0000
"2013-02-21";-0.0137
"2013-02-20";0.0015
"2013-02-19";-0.0002
"2013-02-18";0.0020
"2013-02-15";-0.0001
"2013-02-14";-0.0113
"2013-02-13";0.0031
"2013-02-12";0.0035
"2013-02-11";0.0012
"2013-02-08";-0.0126
"2013-02-07";0.0021
"2013-02-06";-0.0014
"2013-02-05";-0.0011
"2013-02-04";-0.0067
"2013-02-01";0.0069
"2013-01-31";0.0006
"2013-01-30";0.0080
"2013-01-29";-0.0008
"2013-01-28";-0.0018
"2013-01-25";0.0089
"2013-01-24";0.0014
"2013-01-23";0.0009
"2013-01-22";-0.0004
"2013-01-21";0.0000
"2013-01-18";-0.0032
"2013-01-17";0.0068
"2013-01-16";-0.0037
"2013-01-15";-0.0010
"2013-01-14";0.0050
"2013-01-11";0.0122
"2013-01-10";0.0043
"2013-01-09";-0.0022
"2013-01-08";0.0036
"2013-01-07";0.0020
"2013-01-04";-0.0068
"2013-01-03";-0.0120
"2013-01-02";0.0051
"2012-12-31";0.0008
"2012-12-28";-0.0062
"2012-12-27";0.0036
"2012-12-24";0.0006
"2012-12-21";-0.0027
"2012-12-20";-0.0042
"2012-12-19";0.0094
"2012-12-18";0.0013
"2012-12-17";0.0060
"2012-12-14";0.0003
"2012-12-13";0.0028
"2012-12-12";0.0036
"2012-12-11";0.0048
"2012-12-10";0.0019
"2012-12-07";-0.0127
"2012-12-06";0.0005
"2012-12-05";-0.0020
"2012-12-04";0.0026
"2012-12-03";0.0054
"2012-11-30";-0.0006
"2012-11-29";0.0079
"2012-11-28";-0.0054
"2012-11-27";-0.0002
"2012-11-26";0.0042
"2012-11-23";0.0012
"2012-11-22";0.0068
"2012-11-21";-0.0003
"2012-11-20";0.0036
"2012-11-19";0.0013
"2012-11-16";-0.0008
"2012-11-15";0.0023
"2012-11-14";0.0023
"2012-11-13";-0.0030
"2012-11-12";0.0032
"2012-11-09";-0.0032
"2012-11-08";-0.0007
"2012-11-07";-0.0042
"2012-11-06";0.0018
"2012-11-05";-0.0056
"2012-11-02";-0.0096
"2012-11-01";-0.0013
"2012-10-31";0.0023
"2012-10-30";0.0049
"2012-10-29";-0.0007
"2012-10-26";-0.0065
"2012-10-25";0.0039
"2012-10-24";-0.0048
"2012-10-23";-0.0044
"2012-10-22";0.0021
"2012-10-19";-0.0063
"2012-10-18";-0.0001
"2012-10-17";0.0056
"2012-10-16";0.0057
"2012-10-15";0.0000
"2012-10-12";0.0040
"2012-10-11";0.0022
"2012-10-10";-0.0049
"2012-10-09";-0.0003
"2012-10-08";-0.0033
"2012-10-05";0.0039
"2012-10-04";0.0036
"2012-10-03";-0.0020
"2012-10-02";0.0041
"2012-10-01";-0.0040
"2012-09-28";0.0043
"2012-09-27";0.0022
"2012-09-26";-0.0067
"2012-09-25";0.0012
"2012-09-24";-0.0055
"2012-09-21";0.0026
"2012-09-20";-0.0036
"2012-09-19";-0.0039
"2012-09-18";-0.0024
"2012-09-17";-0.0006
"2012-09-14";0.0143
"2012-09-13";0.0010
"2012-09-12";0.0085
"2012-09-11";0.0008
"2012-09-10";0.0055
"2012-09-07";0.0053
"2012-09-06";0.0047
"2012-09-05";0.0000
"2012-09-04";0.0008
"2012-09-03";-0.0034
"2012-08-31";0.0053
"2012-08-30";0.0000
"2012-08-29";-0.0002
"2012-08-28";0.0014
"2012-08-27";0.0018
"2012-08-24";-0.0035
"2012-08-23";0.0083
"2012-08-22";0.0016
"2012-08-21";0.0104
"2012-08-20";-0.0029
"2012-08-17";0.0047
"2012-08-16";0.0002
"2012-08-15";-0.0061
"2012-08-14";0.0010
"2012-08-13";0.0062
"2012-08-10";-0.0031
"2012-08-09";-0.0028
"2012-08-08";-0.0080
"2012-08-07";0.0046
"2012-08-06";0.0109
"2012-08-03";-0.0081
"2012-08-02";0.0039
"2012-08-01";0.0011
"2012-07-31";0.0031
"2012-07-30";-0.0057
"2012-07-27";0.0046
"2012-07-26";0.0103
"2012-07-25";0.0037
"2012-07-24";-0.0013
"2012-07-23";-0.0077
"2012-07-20";-0.0070
"2012-07-19";0.0043
"2012-07-18";-0.0038
"2012-07-17";0.0085
"2012-07-16";-0.0006
"2012-07-13";0.0005
"2012-07-12";-0.0066
"2012-07-11";-0.0020
"2012-07-10";-0.0006
"2012-07-09";-0.0067
"2012-07-06";-0.0039
"2012-07-05";-0.0106
"2012-07-04";-0.0011
"2012-07-03";-0.0014
"2012-07-02";0.0002
"2012-06-29";0.0138
"2012-06-28";-0.0048
"2012-06-27";0.0002
"2012-06-26";-0.0010
"2012-06-25";-0.0040
"2012-06-22";-0.0103
"2012-06-21";-0.0026
"2012-06-20";0.0067
"2012-06-19";0.0000
"2012-06-18";0.0017
"2012-06-15";0.0035
"2012-06-14";0.0013
"2012-06-13";0.0033
"2012-06-12";-0.0041
"2012-06-11";0.0060
"2012-06-08";-0.0100
"2012-06-07";0.0088
"2012-06-06";0.0045
"2012-06-05";-0.0006
"2012-06-04";0.0093
"2012-06-01";-0.0065
"2012-05-31";-0.0028
"2012-05-30";-0.0067
"2012-05-29";-0.0034
"2012-05-28";0.0015
"2012-05-25";-0.0008
"2012-05-24";-0.0080
"2012-05-23";-0.0085
"2012-05-22";0.0014
"2012-05-21";0.0022
"2012-05-18";0.0030
"2012-05-17";-0.0043
"2012-05-16";-0.0081
"2012-05-15";-0.0015
"2012-05-14";-0.0062
"2012-05-11";-0.0013
"2012-05-10";0.0008
"2012-05-09";-0.0057
"2012-05-08";-0.0006
"2012-05-07";-0.0075
"2012-05-04";0.0006
"2012-05-03";-0.0006
"2012-05-02";-0.0062
"2012-04-30";-0.0011
"2012-04-27";0.0010
"2012-04-26";0.0006
"2012-04-25";0.0034
"2012-04-24";0.0022
"2012-04-23";-0.0046
"2012-04-20";0.0081
"2012-04-19";-0.0005
"2012-04-18";-0.0029
"2012-04-17";0.0082
"2012-04-16";-0.0094
"2012-04-13";-0.0003
"2012-04-12";0.0016
"2012-04-11";0.0012
"2012-04-10";0.0035
"2012-04-05";-0.0056
"2012-04-04";-0.0129
"2012-04-03";-0.0003
"2012-04-02";-0.0027
"2012-03-30";0.0063
"2012-03-29";-0.0048
"2012-03-28";0.0003
"2012-03-27";0.0042
"2012-03-26";0.0025
"2012-03-23";0.0056
"2012-03-22";-0.0043
"2012-03-21";0.0020
"2012-03-20";0.0036
"2012-03-19";0.0025
"2012-03-16";0.0045
"2012-03-15";-0.0003
"2012-03-14";0.0003
"2012-03-13";-0.0047
"2012-03-12";-0.0054
"2012-03-09";-0.0038
"2012-03-08";0.0092
"2012-03-07";-0.0025
"2012-03-06";-0.0050
"2012-03-05";0.0002
"2012-03-02";-0.0071
"2012-03-01";-0.0097
"2012-02-29";-0.0008
"2012-02-28";0.0049
"2012-02-27";-0.0017
"2012-02-24";0.0084
"2012-02-23";0.0052
"2012-02-22";0.0006
"2012-02-21";-0.0033
"2012-02-20";0.0081
"2012-02-17";0.0136
"2012-02-16";-0.0084
"2012-02-15";-0.0058
"2012-02-14";-0.0064
"2012-02-13";0.0049
"2012-02-10";-0.0074
"2012-02-09";0.0010
"2012-02-08";0.0122
"2012-02-07";0.0054
"2012-02-06";-0.0089
"2012-02-03";0.0050
"2012-02-02";-0.0061
"2012-02-01";0.0000
"2012-01-31";0.0050
"2012-01-30";-0.0026
"2012-01-27";0.0000
"2012-01-26";0.0156
"2012-01-25";-0.0046
"2012-01-24";-0.0010
"2012-01-23";0.0089
"2012-01-20";-0.0006
"2012-01-19";0.0062
"2012-01-18";0.0032
"2012-01-17";0.0095
"2012-01-16";-0.0079
"2012-01-13";0.0027
"2012-01-12";0.0014
"2012-01-11";-0.0070
"2012-01-10";0.0062
"2012-01-09";-0.0037
"2012-01-06";-0.0043
"2012-01-05";-0.0089
"2012-01-04";-0.0050
"2012-01-03";0.0061
"2012-01-02";-0.0003
"2011-12-30";0.0038
"2011-12-29";-0.0141
"2011-12-28";0.0003
"2011-12-27";0.0009
"2011-12-23";0.0007
"2011-12-22";-0.0005
"2011-12-21";-0.0015
"2011-12-20";0.0026
"2011-12-19";-0.0019
"2011-12-16";0.0034
"2011-12-15";0.0020
"2011-12-14";-0.0142
"2011-12-13";-0.0052
"2011-12-12";-0.0099
"2011-12-09";-0.0019
"2011-12-08";0.0024
"2011-12-07";-0.0012
"2011-12-06";-0.0035
"2011-12-05";-0.0051
"2011-12-02";0.0014
"2011-12-01";0.0055
"2011-11-30";0.0061
"2011-11-29";-0.0008
"2011-11-28";0.0089
"2011-11-25";-0.0107
"2011-11-24";-0.0010
"2011-11-23";-0.0109
"2011-11-22";0.0057
"2011-11-21";-0.0086
"2011-11-18";0.0071
"2011-11-17";-0.0002
"2011-11-16";-0.0035
"2011-11-15";-0.0092
"2011-11-14";0.0006
"2011-11-11";0.0024
"2011-11-10";-0.0012
"2011-11-09";-0.0112
"2011-11-08";0.0033
"2011-11-07";-0.0022
"2011-11-04";0.0000
"2011-11-03";-0.0026
"2011-11-02";0.0133
"2011-11-01";-0.0267
"2011-10-31";-0.0112
"2011-10-28";0.0086
"2011-10-27";0.0079
"2011-10-26";0.0006
"2011-10-25";0.0044
"2011-10-24";0.0042
"2011-10-21";-0.0006
"2011-10-20";-0.0015
"2011-10-19";0.0111
"2011-10-18";-0.0072
"2011-10-17";-0.0022
"2011-10-14";0.0058
"2011-10-13";-0.0028
"2011-10-12";0.0116
"2011-10-11";0.0010
"2011-10-10";0.0118
"2011-10-07";0.0124
"2011-10-06";-0.0050
"2011-10-05";0.0118
"2011-10-04";-0.0109
"2011-10-03";-0.0130
"2011-09-30";-0.0082
"2011-09-29";-0.0011
"2011-09-28";0.0038
"2011-09-27";0.0058
"2011-09-26";0.0052
"2011-09-23";-0.0013
"2011-09-22";-0.0137
"2011-09-21";-0.0053
"2011-09-20";0.0050
"2011-09-19";-0.0086
"2011-09-16";-0.0025
"2011-09-15";0.0048
"2011-09-14";0.0061
"2011-09-13";-0.0008
"2011-09-12";-0.0116
"2011-09-09";-0.0161
"2011-09-08";0.0005
"2011-09-07";-0.0044
"2011-09-06";-0.0019
"2011-09-05";-0.0090
"2011-09-02";-0.0021
"2011-09-01";-0.0114
"2011-08-31";0.0033
"2011-08-30";-0.0058
"2011-08-29";0.0059
"2011-08-26";-0.0015
"2011-08-25";-0.0006
"2011-08-24";-0.0020
"2011-08-23";0.0033
"2011-08-22";0.0019
"2011-08-19";0.0011
"2011-08-18";-0.0074
"2011-08-17";0.0081
"2011-08-16";0.0035
"2011-08-15";0.0041
"2011-08-12";0.0075
"2011-08-11";-0.0155
"2011-08-10";0.0070
"2011-08-09";0.0029
"2011-08-08";0.0049
"2011-08-05";-0.0052
"2011-08-04";-0.0049
"2011-08-03";0.0091
"2011-08-02";-0.0169
"2011-08-01";0.0108
"2011-07-29";0.0000
"2011-07-28";-0.0128
"2011-07-27";-0.0017
"2011-07-26";0.0063
"2011-07-25";-0.0007
"2011-07-22";0.0118
"2011-07-21";0.0010
"2011-07-20";0.0033
"2011-07-19";0.0081
"2011-07-18";-0.0071
"2011-07-15";-0.0039
"2011-07-14";0.0091
"2011-07-13";0.0070
"2011-07-12";-0.0057
"2011-07-11";-0.0130
"2011-07-08";-0.0003
"2011-07-07";-0.0049
"2011-07-06";-0.0098
"2011-07-05";-0.0026
"2011-07-04";0.0008
"2011-07-01";0.0024
"2011-06-30";0.0019
"2011-06-29";0.0114
"2011-06-28";0.0039
"2011-06-27";-0.0010
"2011-06-24";0.0005
"2011-06-23";-0.0128
"2011-06-22";0.0016
"2011-06-21";0.0096
"2011-06-20";-0.0024
"2011-06-17";0.0129
"2011-06-16";-0.0142
"2011-06-15";-0.0107
"2011-06-14";0.0065
"2011-06-13";-0.0091
"2011-06-10";-0.0087
"2011-06-09";0.0004
"2011-06-08";-0.0030
"2011-06-07";0.0038
"2011-06-06";0.0074
"2011-06-03";0.0019
"2011-06-02";0.0036
"2011-06-01";0.0015
"2011-05-31";0.0079
"2011-05-30";0.0004
"2011-05-27";0.0068
"2011-05-26";0.0070
"2011-05-25";-0.0014
"2011-05-24";0.0049
"2011-05-23";-0.0152
"2011-05-20";-0.0019
"2011-05-19";0.0026
"2011-05-18";0.0039
"2011-05-17";0.0019
"2011-05-16";-0.0095
"2011-05-13";0.0089
"2011-05-12";-0.0142
"2011-05-11";0.0000
"2011-05-10";-0.0027
"2011-05-09";-0.0071
"2011-05-06";-0.0211
"2011-05-05";-0.0045
"2011-05-04";0.0069
"2011-05-03";-0.0038
"2011-05-02";-0.0015
"2011-04-29";0.0044
"2011-04-28";0.0085
"2011-04-27";0.0034
"2011-04-26";0.0022
"2011-04-21";0.0047
"2011-04-20";0.0148
"2011-04-19";0.0018
"2011-04-18";-0.0121
"2011-04-15";0.0034
"2011-04-14";-0.0063
"2011-04-13";0.0015
"2011-04-12";0.0024
"2011-04-11";0.0022
"2011-04-08";0.0082
"2011-04-07";-0.0011
"2011-04-06";0.0094
"2011-04-05";-0.0051
"2011-04-04";0.0070
"2011-04-01";-0.0046
"2011-03-31";0.0083
"2011-03-30";0.0017
"2011-03-29";0.0024
"2011-03-28";-0.0058
"2011-03-25";-0.0009
"2011-03-24";-0.0005
"2011-03-23";-0.0052
"2011-03-22";0.0011
"2011-03-21";0.0045
"2011-03-18";0.0089
"2011-03-17";0.0037
"2011-03-16";0.0048
"2011-03-15";-0.0045
"2011-03-14";0.0127
"2011-03-11";-0.0031
"2011-03-10";-0.0079
"2011-03-09";0.0021
"2011-03-08";-0.0092
"2011-03-07";0.0050
"2011-03-04";0.0077
"2011-03-03";0.0029
"2011-03-02";-0.0011
"2011-03-01";-0.0006
"2011-02-28";0.0052
"2011-02-25";-0.0007
"2011-02-24";0.0030
"2011-02-23";0.0046
"2011-02-22";0.0000
"2011-02-21";0.0030
"2011-02-18";0.0049
"2011-02-17";0.0037
"2011-02-16";0.0000
"2011-02-15";0.0052
"2011-02-14";-0.0062
"2011-02-11";-0.0058
"2011-02-10";-0.0031
"2011-02-09";0.0008
"2011-02-08";0.0060
"2011-02-07";-0.0057
"2011-02-04";-0.0082
"2011-02-03";-0.0042
"2011-02-02";0.0034
"2011-02-01";0.0046
"2011-01-31";-0.0013
"2011-01-28";-0.0004
"2011-01-27";0.0025
"2011-01-26";0.0062
"2011-01-25";0.0018
"2011-01-24";0.0036
"2011-01-21";0.0036
"2011-01-20";-0.0025
"2011-01-19";0.0100
"2011-01-18";0.0045
"2011-01-17";-0.0028
"2011-01-14";0.0113
"2011-01-13";0.0174
"2011-01-12";0.0019
"2011-01-11";0.0034
"2011-01-10";-0.0044
"2011-01-07";-0.0099
"2011-01-06";-0.0092
"2011-01-05";-0.0154
"2011-01-04";0.0054
"2011-01-03";-0.0010
"2010-12-31";0.0061
"2010-12-30";0.0109
"2010-12-29";-0.0044
"2010-12-28";0.0044
"2010-12-27";0.0028
"2010-12-24";0.0026
"2010-12-23";-0.0036
"2010-12-22";-0.0032
"2010-12-21";0.0006
"2010-12-20";-0.0085
"2010-12-17";0.0016
"2010-12-16";-0.0091
"2010-12-15";-0.0055
"2010-12-14";0.0126
"2010-12-13";0.0017
"2010-12-10";0.0022
"2010-12-09";0.0010
"2010-12-08";-0.0121
"2010-12-07";0.0062
"2010-12-06";0.0025
"2010-12-03";0.0069
"2010-12-02";0.0030
"2010-12-01";0.0090
"2010-11-30";-0.0112
"2010-11-29";-0.0059
"2010-11-26";-0.0072
"2010-11-25";-0.0013
"2010-11-24";-0.0116
"2010-11-23";-0.0110
"2010-11-22";-0.0019
"2010-11-19";0.0019
"2010-11-18";0.0123
"2010-11-17";-0.0096
"2010-11-16";-0.0010
"2010-11-15";-0.0061
"2010-11-12";0.0008
"2010-11-11";-0.0050
"2010-11-10";-0.0125
"2010-11-09";0.0020
"2010-11-08";-0.0118
"2010-11-05";-0.0112
"2010-11-04";0.0164
"2010-11-03";-0.0002
"2010-11-02";0.0066
"2010-11-01";0.0049
"2010-10-29";0.0000
"2010-10-28";0.0039
"2010-10-27";-0.0078
"2010-10-26";-0.0084
"2010-10-25";0.0069
"2010-10-22";-0.0058
"2010-10-21";0.0111
"2010-10-20";0.0001
"2010-10-19";-0.0026
"2010-10-18";-0.0136
"2010-10-15";-0.0008
"2010-10-14";0.0102
"2010-10-13";0.0090
"2010-10-12";-0.0073
"2010-10-11";0.0044
"2010-10-08";-0.0068
"2010-10-07";0.0082
"2010-10-06";0.0055
"2010-10-05";0.0054
"2010-10-04";-0.0015
"2010-10-01";0.0057
"2010-09-30";0.0027
"2010-09-29";0.0112
"2010-09-28";-0.0012
"2010-09-27";0.0048
"2010-09-24";0.0066
"2010-09-23";-0.0030
"2010-09-22";0.0185
"2010-09-21";0.0035
"2010-09-20";0.0010
"2010-09-17";-0.0013
"2010-09-16";0.0068
"2010-09-15";0.0108
"2010-09-14";0.0038
"2010-09-13";0.0059
"2010-09-10";0.0007
"2010-09-09";0.0014
"2010-09-08";-0.0036
"2010-09-07";-0.0100
"2010-09-06";0.0031
"2010-09-03";0.0012
"2010-09-02";0.0014
"2010-09-01";0.0094
"2010-08-31";-0.0015
"2010-08-30";-0.0010
"2010-08-27";0.0015
"2010-08-26";0.0063
"2010-08-25";0.0001
"2010-08-24";-0.0073
"2010-08-23";-0.0005
"2010-08-20";-0.0097
"2010-08-19";-0.0034
"2010-08-18";0.0015
"2010-08-17";0.0031
"2010-08-16";0.0016
"2010-08-13";0.0007
"2010-08-12";-0.0173
"2010-08-11";-0.0089
"2010-08-10";-0.0090
"2010-08-09";0.0058
"2010-08-06";-0.0006
"2010-08-05";-0.0016
"2010-08-04";-0.0011
"2010-08-03";0.0113
"2010-08-02";0.0034
"2010-07-30";-0.0031
"2010-07-29";0.0059
"2010-07-28";-0.0031
"2010-07-27";0.0078
"2010-07-26";0.0026
"2010-07-23";0.0036
"2010-07-22";0.0025
"2010-07-21";-0.0021
"2010-07-20";-0.0087
"2010-07-19";-0.0033
"2010-07-16";0.0134
"2010-07-15";0.0098
"2010-07-14";0.0106
"2010-07-13";-0.0002
"2010-07-12";-0.0051
"2010-07-09";-0.0018
"2010-07-08";0.0074
"2010-07-07";-0.0009
"2010-07-06";0.0038
"2010-07-05";-0.0013
"2010-07-02";0.0178
"2010-07-01";0.0046
"2010-06-30";0.0059
"2010-06-29";-0.0114
"2010-06-28";0.0036
"2010-06-25";0.0026
"2010-06-24";-0.0007
"2010-06-23";0.0010
"2010-06-22";-0.0107
"2010-06-21";0.0015
"2010-06-18";0.0007
"2010-06-17";0.0070
"2010-06-16";0.0015
"2010-06-15";0.0007
"2010-06-14";0.0100
"2010-06-11";0.0068
"2010-06-10";0.0029
"2010-06-09";0.0056
"2010-06-08";-0.0014
"2010-06-07";-0.0083
"2010-06-04";-0.0169
"2010-06-03";0.0040
"2010-06-02";0.0051
"2010-06-01";-0.0123
"2010-05-31";-0.0062
"2010-05-28";0.0105
"2010-05-27";-0.0043
"2010-05-26";0.0070
"2010-05-25";-0.0110
"2010-05-24";-0.0109
"2010-05-21";0.0132
"2010-05-20";0.0052
"2010-05-19";-0.0127
"2010-05-18";0.0063
"2010-05-17";-0.0114
"2010-05-14";-0.0075
"2010-05-13";-0.0078
"2010-05-12";-0.0009
"2010-05-11";-0.0208
"2010-05-10";0.0174
"2010-05-07";0.0014
"2010-05-06";-0.0152
"2010-05-05";-0.0126
"2010-05-04";-0.0112
"2010-05-03";-0.0057
"2010-04-30";0.0044
"2010-04-29";0.0008
"2010-04-28";-0.0033
"2010-04-27";-0.0023
"2010-04-26";0.0007
"2010-04-23";-0.0020
"2010-04-22";-0.0025
"2010-04-21";-0.0083
"2010-04-20";0.0040
"2010-04-19";-0.0076
"2010-04-16";-0.0006
"2010-04-15";-0.0052
"2010-04-14";0.0023
"2010-04-13";-0.0001
"2010-04-12";0.0150
"2010-04-09";0.0066
"2010-04-08";-0.0032
"2010-04-07";-0.0041
"2010-04-06";-0.0053
"2010-04-01";-0.0008
"2010-03-31";-0.0002
"2010-03-30";0.0008
"2010-03-29";0.0088
"2010-03-26";-0.0002
"2010-03-25";0.0013
"2010-03-24";-0.0133
"2010-03-23";0.0035
"2010-03-22";-0.0056
"2010-03-19";-0.0081
"2010-03-18";-0.0069
"2010-03-17";0.0024
"2010-03-16";0.0013
"2010-03-15";-0.0043
"2010-03-12";0.0079
"2010-03-11";0.0034
"2010-03-10";0.0039
"2010-03-09";-0.0076
"2010-03-08";0.0058
"2010-03-05";-0.0062
"2010-03-04";0.0019
"2010-03-03";0.0068
"2010-03-02";0.0017
"2010-03-01";-0.0033
"2010-02-26";0.0060
"2010-02-25";-0.0042
"2010-02-24";-0.0022
"2010-02-23";-0.0035
"2010-02-22";0.0079
"2010-02-19";-0.0035
"2010-02-18";-0.0115
"2010-02-17";0.0056
"2010-02-16";0.0030
"2010-02-15";0.0025
"2010-02-12";-0.0106
"2010-02-11";-0.0016
"2010-02-10";-0.0014
"2010-02-09";0.0062
"2010-02-08";-0.0011
"2010-02-05";-0.0112
"2010-02-04";-0.0097
"2010-02-03";0.0033
"2010-02-02";0.0017
"2010-02-01";-0.0037
"2010-01-29";-0.0023
"2010-01-28";-0.0051
"2010-01-27";-0.0009
"2010-01-26";-0.0046
"2010-01-25";0.0011
"2010-01-22";0.0050
"2010-01-21";-0.0048
"2010-01-20";-0.0102
"2010-01-19";-0.0062
"2010-01-18";-0.0003
"2010-01-15";-0.0077
"2010-01-14";-0.0052
"2010-01-13";0.0056
"2010-01-12";-0.0032
"2010-01-11";0.0178
"2010-01-08";-0.0021
"2010-01-07";-0.0032
"2010-01-06";-0.0063
"2010-01-05";0.0036
"2010-01-04";-0.0011
"2009-12-31";0.0047
"2009-12-30";-0.0065
"2009-12-29";0.0019
"2009-12-28";0.0004
"2009-12-24";0.0085
"2009-12-23";-0.0002
"2009-12-22";-0.0061
"2009-12-21";0.0021
"2009-12-18";-0.0004
"2009-12-17";-0.0149
"2009-12-16";0.0013
"2009-12-15";-0.0072
"2009-12-14";-0.0074
"2009-12-11";0.0018
"2009-12-10";-0.0025
"2009-12-09";-0.0004
"2009-12-08";-0.0008
"2009-12-07";-0.0186
"2009-12-04";-0.0034
"2009-12-03";0.0019
"2009-12-02";0.0010
"2009-12-01";0.0033
"2009-11-30";0.0070
"2009-11-27";-0.0101
"2009-11-26";-0.0007
"2009-11-25";0.0076
"2009-11-24";0.0000
"2009-11-23";0.0103
"2009-11-20";-0.0032
"2009-11-19";-0.0062
"2009-11-18";0.0055
"2009-11-17";-0.0060
"2009-11-16";0.0065
"2009-11-13";-0.0036
"2009-11-12";-0.0076
"2009-11-11";0.0047
"2009-11-10";-0.0012
"2009-11-09";0.0082
"2009-11-06";-0.0003
"2009-11-05";0.0071
"2009-11-04";0.0070
"2009-11-03";-0.0077
"2009-11-02";-0.0018
"2009-10-30";0.0008
"2009-10-29";0.0002
"2009-10-28";-0.0059
"2009-10-27";-0.0096
"2009-10-26";0.0000
"2009-10-23";0.0013
"2009-10-22";0.0052
"2009-10-21";-0.0033
"2009-10-20";0.0035
"2009-10-19";0.0032
"2009-10-16";0.0003
"2009-10-15";-0.0011
"2009-10-14";0.0011
"2009-10-13";0.0067
"2009-10-12";0.0010
"2009-10-09";-0.0008
"2009-10-08";0.0046
"2009-10-07";-0.0019
"2009-10-06";0.0072
"2009-10-05";0.0054
"2009-10-02";-0.0001
"2009-10-01";-0.0071
"2009-09-30";0.0064
"2009-09-29";-0.0068
"2009-09-28";-0.0013
"2009-09-25";-0.0066
"2009-09-24";-0.0010
"2009-09-23";0.0002
"2009-09-22";0.0083
"2009-09-21";-0.0031
"2009-09-18";-0.0004
"2009-09-17";0.0027
"2009-09-16";0.0041
"2009-09-15";0.0034
"2009-09-14";-0.0022
"2009-09-11";0.0033
"2009-09-10";0.0015
"2009-09-09";0.0033
"2009-09-08";0.0099
"2009-09-07";0.0047
"2009-09-04";-0.0050
"2009-09-03";0.0080
"2009-09-02";-0.0065
"2009-09-01";0.0029
"2009-08-31";-0.0064
"2009-08-28";0.0067
"2009-08-27";-0.0001
"2009-08-26";-0.0037
"2009-08-25";0.0000
"2009-08-24";-0.0004
"2009-08-21";0.0061
"2009-08-20";0.0092
"2009-08-19";0.0007
"2009-08-18";0.0020
"2009-08-17";-0.0155
"2009-08-14";0.0000
"2009-08-13";0.0086
"2009-08-12";0.0002
"2009-08-11";-0.0025
"2009-08-10";-0.0107
"2009-08-07";-0.0009
"2009-08-06";-0.0027
"2009-08-05";0.0018
"2009-08-04";0.0056
"2009-08-03";0.0116
"2009-07-31";0.0060
"2009-07-30";-0.0036
"2009-07-29";-0.0087
"2009-07-28";-0.0028
"2009-07-27";0.0029
"2009-07-24";-0.0001
"2009-07-23";0.0026
"2009-07-22";-0.0022
"2009-07-21";0.0004
"2009-07-20";0.0090
"2009-07-17";-0.0028
"2009-07-16";0.0029
"2009-07-15";0.0070
"2009-07-14";0.0011
"2009-07-13";0.0053
"2009-07-10";-0.0063
"2009-07-09";0.0064
"2009-07-08";-0.0084
"2009-07-07";0.0087
"2009-07-06";-0.0079
"2009-07-03";-0.0028
"2009-07-02";-0.0033
"2009-07-01";-0.0026
"2009-06-30";0.0054
"2009-06-29";-0.0026
"2009-06-26";0.0111
"2009-06-25";-0.0063
"2009-06-24";0.0036
"2009-06-23";0.0086
"2009-06-22";-0.0053
"2009-06-19";0.0008
"2009-06-18";0.0057
"2009-06-17";-0.0035
"2009-06-16";0.0028
"2009-06-15";-0.0109
"2009-06-12";0.0025
"2009-06-11";-0.0094
"2009-06-10";0.0102
"2009-06-09";0.0067
"2009-06-08";-0.0219
"2009-06-05";0.0058
"2009-06-04";-0.0078
"2009-06-03";-0.0021
"2009-06-02";0.0012
"2009-06-01";0.0086
"2009-05-29";0.0174
"2009-05-28";-0.0032
"2009-05-27";-0.0005
"2009-05-26";-0.0072
"2009-05-25";0.0027
"2009-05-22";0.0145
"2009-05-21";0.0059
"2009-05-20";0.0057
"2009-05-19";0.0087
"2009-05-18";-0.0017
"2009-05-15";-0.0033
"2009-05-14";-0.0044
"2009-05-13";-0.0043
"2009-05-12";0.0080
"2009-05-11";0.0110
"2009-05-08";0.0046
"2009-05-07";0.0030
"2009-05-06";-0.0060
"2009-05-05";0.0136
"2009-05-04";-0.0039
"2009-04-30";0.0006
"2009-04-29";0.0210
"2009-04-28";-0.0101
"2009-04-27";-0.0080
"2009-04-24";0.0139
"2009-04-23";0.0079
"2009-04-22";0.0011
"2009-04-21";-0.0026
"2009-04-20";-0.0070
"2009-04-17";-0.0104
"2009-04-16";0.0017
"2009-04-15";-0.0077
"2009-04-14";0.0002
"2009-04-09";0.0031
"2009-04-08";-0.0018
"2009-04-07";-0.0178
"2009-04-06";0.0052
"2009-04-03";0.0024
"2009-04-02";0.0110
"2009-04-01";-0.0046
"2009-03-31";0.0087
"2009-03-30";-0.0076
"2009-03-27";-0.0229
"2009-03-26";0.0083
"2009-03-25";-0.0009
"2009-03-24";-0.0037
"2009-03-23";0.0006
"2009-03-20";-0.0089
"2009-03-19";0.0412
"2009-03-18";0.0145
"2009-03-17";-0.0076
"2009-03-16";0.0106
"2009-03-13";0.0096
"2009-03-12";-0.0003
"2009-03-11";0.0002
"2009-03-10";0.0173
"2009-03-09";-0.0073
"2009-03-06";0.0082
"2009-03-05";0.0000
"2009-03-04";-0.0047
"2009-03-03";0.0015
"2009-03-02";-0.0037
"2009-02-27";-0.0107
"2009-02-26";-0.0010
"2009-02-25";0.0025
"2009-02-24";-0.0027
"2009-02-23";0.0164
"2009-02-20";-0.0089
"2009-02-19";0.0086
"2009-02-18";-0.0030
"2009-02-17";-0.0102
"2009-02-16";-0.0045
"2009-02-13";-0.0007
"2009-02-12";-0.0081
"2009-02-11";-0.0022
"2009-02-10";-0.0031
"2009-02-09";0.0165
"2009-02-06";-0.0025
"2009-02-05";0.0008
"2009-02-04";-0.0024
"2009-02-03";0.0069
"2009-02-02";-0.0043
"2009-01-30";-0.0225
"2009-01-29";-0.0112
"2009-01-28";0.0065
"2009-01-27";0.0141
"2009-01-26";0.0152
"2009-01-23";-0.0145
"2009-01-22";0.0057
"2009-01-21";-0.0015
"2009-01-20";-0.0191
"2009-01-19";-0.0066
"2009-01-16";0.0141
"2009-01-15";-0.0066
"2009-01-14";-0.0067
"2009-01-13";-0.0098
"2009-01-12";-0.0211
"2009-01-09";0.0049
"2009-01-08";0.0016
"2009-01-07";0.0197
"2009-01-06";-0.0184
"2009-01-05";-0.0204
"2009-01-02";-0.0036
"2008-12-31";-0.0128
"2008-12-30";-0.0120
"2008-12-29";0.0189
"2008-12-24";0.0019
"2008-12-23";0.0005
"2008-12-22";0.0021
"2008-12-19";-0.0462
"2008-12-18";0.0396
"2008-12-17";0.0269
"2008-12-16";0.0133
"2008-12-15";0.0127
"2008-12-12";0.0094
"2008-12-11";0.0224
"2008-12-10";0.0067
"2008-12-09";-0.0012
"2008-12-08";0.0149
"2008-12-05";0.0035
"2008-12-04";-0.0002
"2008-12-03";-0.0058
"2008-12-02";0.0070
"2008-12-01";-0.0093
"2008-11-28";-0.0134
"2008-11-27";-0.0027
"2008-11-26";0.0096
"2008-11-25";0.0029
"2008-11-24";0.0135
"2008-11-21";0.0047
"2008-11-20";-0.0072
"2008-11-19";-0.0015
"2008-11-18";-0.0005
"2008-11-17";-0.0011
"2008-11-14";0.0119
"2008-11-13";-0.0003
"2008-11-12";-0.0170
"2008-11-11";-0.0111
"2008-11-10";0.0105
"2008-11-07";-0.0010
"2008-11-06";-0.0077
"2008-11-05";0.0039
"2008-11-04";-0.0001
"2008-11-03";0.0050
"2008-10-31";-0.0213
"2008-10-30";0.0207
"2008-10-29";0.0194
"2008-10-28";0.0052
"2008-10-27";-0.0107
"2008-10-24";-0.0167
"2008-10-23";-0.0025
"2008-10-22";-0.0258
"2008-10-21";-0.0178
"2008-10-20";0.0014
"2008-10-17";-0.0076
"2008-10-16";-0.0086
"2008-10-15";-0.0092
"2008-10-14";0.0082
"2008-10-13";0.0044
"2008-10-10";-0.0075
"2008-10-09";-0.0035
"2008-10-08";0.0072
"2008-10-07";-0.0001
"2008-10-06";-0.0144
"2008-10-03";-0.0049
"2008-10-02";-0.0126
"2008-10-01";-0.0155
"2008-09-30";-0.0032
"2008-09-29";-0.0198
"2008-09-26";-0.0040
"2008-09-25";0.0006
"2008-09-24";-0.0027
"2008-09-23";0.0109
"2008-09-22";0.0235
"2008-09-19";-0.0183
"2008-09-18";0.0195
"2008-09-17";-0.0030
"2008-09-16";0.0081
"2008-09-15";0.0060
"2008-09-12";0.0094
"2008-09-11";-0.0113
"2008-09-10";-0.0035
"2008-09-09";-0.0049
"2008-09-08";-0.0023
"2008-09-05";-0.0166
"2008-09-04";0.0032
"2008-09-03";-0.0051
"2008-09-02";-0.0071
"2008-09-01";-0.0077
"2008-08-29";-0.0024
"2008-08-28";0.0002
"2008-08-27";0.0115
"2008-08-26";-0.0114
"2008-08-25";-0.0027
"2008-08-22";-0.0004
"2008-08-21";0.0054
"2008-08-20";0.0038
"2008-08-19";-0.0018
"2008-08-18";-0.0016
"2008-08-15";-0.0119
"2008-08-14";0.0002
"2008-08-13";-0.0002
"2008-08-12";-0.0069
"2008-08-11";-0.0041
"2008-08-08";-0.0256
"2008-08-07";-0.0004
"2008-08-06";-0.0005
"2008-08-05";-0.0050
"2008-08-04";-0.0005
"2008-08-01";-0.0023
"2008-07-31";0.0014
"2008-07-30";-0.0073
"2008-07-29";-0.0026
"2008-07-28";0.0007
"2008-07-25";0.0036
"2008-07-24";-0.0040
"2008-07-23";-0.0111
"2008-07-22";0.0038
"2008-07-21";0.0026
"2008-07-18";-0.0020
"2008-07-17";-0.0024
"2008-07-16";-0.0063
"2008-07-15";0.0090
"2008-07-14";0.0007
"2008-07-11";0.0080
"2008-07-10";-0.0004
"2008-07-09";0.0017
"2008-07-08";0.0023
"2008-07-07";-0.0012
"2008-07-04";-0.0134
"2008-07-03";0.0049
"2008-07-02";0.0019
"2008-07-01";0.0006
"2008-06-30";0.0010
"2008-06-27";0.0010
"2008-06-26";0.0084
"2008-06-25";0.0019
"2008-06-24";0.0030
"2008-06-23";-0.0057
"2008-06-20";0.0083
"2008-06-19";-0.0007
"2008-06-18";0.0010
"2008-06-17";0.0011
"2008-06-16";0.0080
"2008-06-13";-0.0052
"2008-06-12";-0.0063
"2008-06-11";-0.0007
"2008-06-10";-0.0163
"2008-06-09";0.0119
"2008-06-06";0.0126
"2008-06-05";-0.0041
"2008-06-04";-0.0081
"2008-06-03";0.0046
"2008-06-02";0.0008
"2008-05-30";-0.0027
"2008-05-29";-0.0067
"2008-05-28";-0.0065
"2008-05-27";0.0000
"2008-05-26";0.0012
"2008-05-23";-0.0008
"2008-05-22";0.0001
"2008-05-21";0.0072
"2008-05-20";0.0039
"2008-05-19";0.0050
"2008-05-16";0.0015
"2008-05-15";0.0022
"2008-05-14";-0.0021
"2008-05-13";0.0027
"2008-05-12";-0.0018
"2008-05-09";0.0072
"2008-05-08";-0.0053
"2008-05-07";-0.0063
"2008-05-06";0.0043
"2008-05-05";0.0001
"2008-05-02";-0.0052
"2008-04-30";-0.0019
"2008-04-29";-0.0036
"2008-04-28";0.0020
"2008-04-25";-0.0109
"2008-04-24";-0.0107
"2008-04-23";0.0005
"2008-04-22";0.0020
"2008-04-21";0.0074
"2008-04-18";-0.0057
"2008-04-17";-0.0035
"2008-04-16";0.0063
"2008-04-15";-0.0025
"2008-04-14";0.0022
"2008-04-11";-0.0026
"2008-04-10";0.0094
"2008-04-09";0.0020
"2008-04-08";0.0000
"2008-04-07";-0.0018
"2008-04-04";0.0126
"2008-04-03";-0.0067
"2008-04-02";-0.0017
"2008-04-01";-0.0096
"2008-03-31";0.0010
"2008-03-28";0.0006
"2008-03-27";0.0048
"2008-03-26";0.0090
"2008-03-25";0.0094
"2008-03-20";-0.0171
"2008-03-19";-0.0050
"2008-03-18";0.0000
"2008-03-17";0.0134
"2008-03-14";-0.0010
"2008-03-13";0.0064
"2008-03-12";0.0063
"2008-03-11";0.0025
"2008-03-10";-0.0049
"2008-03-07";0.0063
"2008-03-06";0.0080
"2008-03-05";-0.0006
"2008-03-04";0.0001
"2008-03-03";0.0023
"2008-02-29";0.0030
"2008-02-28";0.0051
"2008-02-27";0.0114
"2008-02-26";0.0038
"2008-02-25";-0.0020
"2008-02-22";0.0076
"2008-02-21";0.0054
"2008-02-20";-0.0058
"2008-02-19";0.0072
"2008-02-18";-0.0025
"2008-02-15";0.0032
"2008-02-14";0.0027
"2008-02-13";0.0033
"2008-02-12";-0.0002
"2008-02-11";0.0019
"2008-02-08";-0.0038
"2008-02-07";-0.0035
"2008-02-06";-0.0045
"2008-02-05";-0.0095
"2008-02-04";-0.0040
"2008-02-01";0.0012
"2008-01-31";0.0040
"2008-01-30";0.0025
"2008-01-29";0.0012
"2008-01-28";0.0034
"2008-01-25";0.0028
"2008-01-24";0.0061
"2008-01-23";0.0055
"2008-01-22";0.0008
"2008-01-21";-0.0130
"2008-01-18";-0.0011
"2008-01-17";-0.0068
"2008-01-16";-0.0063
"2008-01-15";-0.0006
"2008-01-14";0.0069
"2008-01-11";0.0088
"2008-01-10";-0.0012
"2008-01-09";-0.0017
"2008-01-08";-0.0012
"2008-01-07";-0.0002
"2008-01-04";-0.0017
"2008-01-03";0.0044
"2008-01-02";-0.0022
"2007-12-31";0.0019
"2007-12-28";0.0121
"2007-12-27";0.0081
"2007-12-24";0.0012
"2007-12-21";0.0021
"2007-12-20";-0.0025
"2007-12-19";-0.0021
"2007-12-18";0.0015
"2007-12-17";-0.0079
"2007-12-14";-0.0118
"2007-12-13";0.0005
"2007-12-12";0.0002
"2007-12-11";-0.0031
"2007-12-10";0.0047
"2007-12-07";0.0065
"2007-12-06";-0.0112
"2007-12-05";-0.0014
"2007-12-04";0.0051
"2007-12-03";-0.0064
"2007-11-30";0.0015
"2007-11-29";-0.0006
"2007-11-28";-0.0085
"2007-11-27";0.0019
"2007-11-26";0.0024
"2007-11-23";-0.0013
"2007-11-22";0.0010
"2007-11-21";0.0019
"2007-11-20";0.0089
"2007-11-19";0.0002
"2007-11-16";0.0008
"2007-11-15";-0.0041
"2007-11-14";0.0063
"2007-11-13";0.0019
"2007-11-12";-0.0070
"2007-11-09";0.0011
"2007-11-08";-0.0038
"2007-11-07";0.0120
"2007-11-06";0.0040
"2007-11-05";0.0006
"2007-11-02";0.0038
"2007-11-01";-0.0016
"2007-10-31";0.0027
"2007-10-30";0.0011
"2007-10-29";0.0004
"2007-10-26";0.0052
"2007-10-25";0.0055
"2007-10-24";-0.0016
"2007-10-23";0.0062
"2007-10-22";-0.0085
"2007-10-19";-0.0007
"2007-10-18";0.0069
"2007-10-17";0.0035
"2007-10-16";-0.0053
"2007-10-15";0.0037
"2007-10-12";-0.0018
"2007-10-11";0.0037
"2007-10-10";0.0077
"2007-10-09";-0.0036
"2007-10-08";-0.0033
"2007-10-05";0.0019
"2007-10-04";-0.0060
"2007-10-03";0.0021
"2007-10-02";-0.0047
"2007-10-01";0.0037
"2007-09-28";0.0000
"2007-09-27";0.0037
"2007-09-26";0.0014
"2007-09-25";-0.0004
"2007-09-24";0.0045
"2007-09-21";0.0013
"2007-09-20";0.0039
"2007-09-19";0.0077
"2007-09-18";-0.0007
"2007-09-17";0.0012
"2007-09-14";-0.0026
"2007-09-13";0.0008
"2007-09-12";0.0044
"2007-09-11";0.0021
"2007-09-10";0.0072
"2007-09-07";0.0019
"2007-09-06";0.0059
"2007-09-05";0.0005
"2007-09-04";-0.0038
"2007-09-03";-0.0053
"2007-08-31";0.0069
"2007-08-30";-0.0015
"2007-08-29";-0.0024
"2007-08-28";0.0004
"2007-08-27";0.0031
"2007-08-24";0.0030
"2007-08-23";0.0060
"2007-08-22";-0.0011
"2007-08-21";0.0023
"2007-08-20";0.0016
"2007-08-17";0.0036
"2007-08-16";-0.0052
"2007-08-15";-0.0084
"2007-08-14";-0.0043
"2007-08-13";0.0000
"2007-08-10";-0.0057
"2007-08-09";-0.0047
"2007-08-08";0.0000
"2007-08-07";-0.0017
"2007-08-06";0.0090
"2007-08-03";0.0021
"2007-08-02";0.0000
"2007-08-01";-0.0032
"2007-07-31";0.0035
"2007-07-30";0.0005
"2007-07-27";-0.0051
"2007-07-26";-0.0015
"2007-07-25";-0.0065
"2007-07-24";0.0008
"2007-07-23";0.0013
"2007-07-20";-0.0012
"2007-07-19";0.0029
"2007-07-18";0.0005
"2007-07-17";-0.0007
"2007-07-16";0.0000
"2007-07-13";-0.0004
"2007-07-12";0.0025
"2007-07-11";0.0063
"2007-07-10";0.0033
"2007-07-09";0.0018
"2007-07-06";-0.0032
"2007-07-05";0.0016
"2007-07-04";0.0012
"2007-07-03";0.0009
"2007-07-02";0.0061
"2007-06-29";0.0028
"2007-06-28";0.0021
"2007-06-27";-0.0016
"2007-06-26";0.0000
"2007-06-25";0.0014
"2007-06-22";0.0032
"2007-06-21";-0.0022
"2007-06-20";0.0017
"2007-06-19";0.0000
"2007-06-18";0.0067
"2007-06-15";0.0007
"2007-06-14";0.0012
"2007-06-13";-0.0043
"2007-06-12";-0.0007
"2007-06-11";0.0004
"2007-06-08";-0.0089
"2007-06-07";-0.0031
"2007-06-06";-0.0014
"2007-06-05";0.0037
"2007-06-04";0.0034
"2007-06-01";-0.0012
"2007-05-31";0.0024
"2007-05-30";-0.0065
"2007-05-29";0.0041
"2007-05-28";0.0008
"2007-05-25";-0.0005
"2007-05-24";-0.0031
"2007-05-23";0.0026
"2007-05-22";0.0007
"2007-05-21";-0.0024
"2007-05-18";-0.0028
"2007-05-17";-0.0042
"2007-05-16";0.0026
"2007-05-15";-0.0008
"2007-05-14";0.0046
"2007-05-11";-0.0030
"2007-05-10";-0.0005
"2007-05-09";-0.0016
"2007-05-08";-0.0041
"2007-05-07";0.0039
"2007-05-04";-0.0038
"2007-05-03";0.0018
"2007-05-02";-0.0012
"2007-04-30";-0.0027
"2007-04-27";0.0034
"2007-04-26";-0.0038
"2007-04-25";0.0049
"2007-04-24";0.0018
"2007-04-23";-0.0036
"2007-04-20";0.0003
"2007-04-19";0.0017
"2007-04-18";0.0020
"2007-04-17";0.0000
"2007-04-16";0.0013
"2007-04-13";0.0048
"2007-04-12";0.0036
"2007-04-11";-0.0005
"2007-04-10";0.0039
"2007-04-05";0.0015
"2007-04-04";-0.0004
"2007-04-03";-0.0005
"2007-04-02";0.0036
"2007-03-30";-0.0025
"2007-03-29";0.0002
"2007-03-28";0.0000
"2007-03-27";0.0061
"2007-03-26";-0.0046
"2007-03-23";-0.0017
"2007-03-22";0.0043
"2007-03-21";-0.0002
"2007-03-20";-0.0005
"2007-03-19";-0.0016
"2007-03-16";0.0074
"2007-03-15";0.0032
"2007-03-14";-0.0026
"2007-03-13";0.0047
"2007-03-12";0.0000
"2007-03-09";0.0002
"2007-03-08";0.0012
"2007-03-07";0.0026
"2007-03-06";0.0012
"2007-03-05";-0.0060
"2007-03-02";-0.0046
"2007-03-01";0.0010
"2007-02-28";-0.0014
"2007-02-27";0.0053
"2007-02-26";0.0019
"2007-02-23";0.0021
"2007-02-22";-0.0029
"2007-02-21";0.0000
"2007-02-20";0.0009
"2007-02-19";0.0009
"2007-02-16";-0.0013
"2007-02-15";0.0042
"2007-02-14";0.0046
"2007-02-13";0.0050
"2007-02-12";-0.0039
"2007-02-09";0.0012
"2007-02-08";0.0003
"2007-02-07";0.0024
"2007-02-06";0.0023
"2007-02-05";-0.0072
"2007-02-02";0.0000
"2007-02-01";0.0050
"2007-01-31";-0.0013
"2007-01-30";0.0039
"2007-01-29";0.0015
"2007-01-26";-0.0059
"2007-01-25";-0.0020
"2007-01-24";-0.0026
"2007-01-23";0.0080
"2007-01-22";-0.0016
"2007-01-19";0.0027
"2007-01-18";0.0010
"2007-01-17";-0.0033
"2007-01-16";0.0009
"2007-01-15";0.0037
"2007-01-12";-0.0070
"2007-01-11";-0.0003
"2007-01-10";-0.0023
"2007-01-09";0.0009
"2007-01-08";-0.0059
"2007-01-05";-0.0016
"2007-01-04";-0.0094
"2007-01-03";-0.0029
"2007-01-02";0.0075
"2006-12-29";-0.0002
"2006-12-28";0.0010
"2006-12-27";-0.0025
"2006-12-22";0.0010
"2006-12-21";-0.0018
"2006-12-20";0.0034
"2006-12-19";0.0048
"2006-12-18";-0.0008
"2006-12-15";-0.0065
"2006-12-14";-0.0055
"2006-12-13";0.0015
"2006-12-12";0.0050
"2006-12-11";-0.0074
"2006-12-08";-0.0015
"2006-12-07";0.0017
"2006-12-06";-0.0042
"2006-12-05";0.0016
"2006-12-04";0.0049
"2006-12-01";0.0033
"2006-11-30";0.0032
"2006-11-29";0.0007
"2006-11-28";0.0025
"2006-11-27";0.0027
"2006-11-24";0.0096
"2006-11-23";0.0051
"2006-11-22";0.0056
"2006-11-21";-0.0021
"2006-11-20";0.0052
"2006-11-17";-0.0023
"2006-11-16";0.0009
"2006-11-15";-0.0024
"2006-11-14";-0.0004
"2006-11-13";-0.0026
"2006-11-10";0.0053
"2006-11-09";0.0015
"2006-11-08";0.0016
"2006-11-07";0.0041
"2006-11-06";-0.0045
"2006-11-03";-0.0005
"2006-11-02";0.0007
"2006-11-01";0.0048
"2006-10-31";-0.0016
"2006-10-30";0.0026
"2006-10-27";0.0023
"2006-10-26";0.0058
"2006-10-25";0.0031
"2006-10-24";-0.0011
"2006-10-23";-0.0049
"2006-10-20";0.0045
"2006-10-19";0.0014
"2006-10-18";0.0015
"2006-10-17";0.0007
"2006-10-16";-0.0027
"2006-10-13";0.0015
"2006-10-12";-0.0009
"2006-10-11";0.0003
"2006-10-10";-0.0051
"2006-10-09";-0.0048
"2006-10-06";-0.0044
"2006-10-05";0.0029
"2006-10-04";-0.0041
"2006-10-03";0.0040
"2006-10-02";0.0019
"2006-09-29";-0.0041
"2006-09-28";0.0022
"2006-09-27";-0.0008
"2006-09-26";-0.0057
"2006-09-25";-0.0038
"2006-09-22";0.0067
"2006-09-21";0.0043
"2006-09-20";0.0017
"2006-09-19";-0.0008
"2006-09-18";-0.0007
"2006-09-15";-0.0037
"2006-09-14";0.0036
"2006-09-13";-0.0025
"2006-09-12";-0.0003
"2006-09-11";0.0000
"2006-09-08";-0.0014
"2006-09-07";-0.0048
"2006-09-06";-0.0013
"2006-09-05";-0.0032
"2006-09-04";0.0027
"2006-09-01";-0.0026
"2006-08-31";0.0025
"2006-08-30";0.0007
"2006-08-29";0.0006
"2006-08-28";0.0029
"2006-08-25";-0.0053
"2006-08-24";0.0014
"2006-08-23";0.0000
"2006-08-22";-0.0082
"2006-08-21";0.0091
"2006-08-18";-0.0059
"2006-08-17";0.0067
"2006-08-16";0.0053
"2006-08-15";0.0005
"2006-08-14";-0.0044
"2006-08-11";-0.0063
"2006-08-10";-0.0017
"2006-08-09";0.0031
"2006-08-08";-0.0008
"2006-08-07";0.0045
"2006-08-04";0.0008
"2006-08-03";-0.0013
"2006-08-02";0.0030
"2006-08-01";-0.0006
"2006-07-31";0.0081
"2006-07-28";-0.0057
"2006-07-27";0.0119
"2006-07-26";-0.0038
"2006-07-25";0.0002
"2006-07-24";-0.0037
"2006-07-21";0.0029
"2006-07-20";0.0128
"2006-07-19";-0.0039
"2006-07-18";-0.0007
"2006-07-17";-0.0098
"2006-07-14";-0.0020
"2006-07-13";-0.0023
"2006-07-12";-0.0010
"2006-07-11";-0.0012
"2006-07-10";-0.0020
"2006-07-07";0.0033
"2006-07-06";-0.0046
"2006-07-05";0.0002
"2006-07-04";0.0000
"2006-07-03";0.0060
"2006-06-30";0.0146
"2006-06-29";-0.0032
"2006-06-28";0.0002
"2006-06-27";0.0004
"2006-06-26";0.0047
"2006-06-23";-0.0063
"2006-06-22";-0.0039
"2006-06-21";0.0068
"2006-06-20";-0.0035
"2006-06-19";-0.0047
"2006-06-16";0.0032
"2006-06-15";0.0037
"2006-06-14";-0.0006
"2006-06-13";0.0000
"2006-06-12";-0.0068
"2006-06-09";-0.0059
"2006-06-08";-0.0042
"2006-06-07";-0.0045
"2006-06-06";-0.0085
"2006-06-05";0.0111
"2006-06-02";0.0062
"2006-06-01";-0.0102
"2006-05-31";0.0022
"2006-05-30";0.0063
"2006-05-29";-0.0030
"2006-05-26";0.0032
"2006-05-25";-0.0074
"2006-05-24";0.0007
"2006-05-23";0.0069
"2006-05-22";-0.0010
"2006-05-19";-0.0002
"2006-05-18";-0.0086
"2006-05-17";0.0050
"2006-05-16";-0.0007
"2006-05-15";-0.0068
"2006-05-12";0.0155
"2006-05-11";-0.0049
"2006-05-10";0.0064
"2006-05-09";-0.0046
"2006-05-08";0.0053
"2006-05-05";0.0076
"2006-05-04";-0.0023
"2006-05-03";-0.0016
"2006-05-02";0.0084
"2006-04-28";0.0099
"2006-04-27";-0.0008
"2006-04-26";0.0000
"2006-04-25";0.0048
"2006-04-24";0.0040
"2006-04-21";-0.0025
"2006-04-20";0.0000
"2006-04-19";0.0076
"2006-04-18";0.0130
"2006-04-13";-0.0025
"2006-04-12";0.0016
"2006-04-11";0.0004
"2006-04-10";-0.0065
"2006-04-07";-0.0108
"2006-04-06";0.0040
"2006-04-05";0.0036
"2006-04-04";0.0127
"2006-04-03";-0.0033
"2006-03-31";0.0006
"2006-03-30";0.0069
"2006-03-29";-0.0059
"2006-03-28";0.0049
"2006-03-27";0.0046
"2006-03-24";-0.0071
"2006-03-23";-0.0011
"2006-03-22";-0.0061
"2006-03-21";-0.0024
"2006-03-20";-0.0009
"2006-03-17";0.0096
"2006-03-16";0.0035
"2006-03-15";0.0065
"2006-03-14";0.0021
"2006-03-13";0.0002
"2006-03-10";0.0000
"2006-03-09";0.0005
"2006-03-08";0.0000
"2006-03-07";-0.0086
"2006-03-06";-0.0002
"2006-03-03";0.0083
"2006-03-02";-0.0027
"2006-03-01";0.0066
"2006-02-28";0.0019
"2006-02-27";-0.0036
"2006-02-24";-0.0051
"2006-02-23";0.0069
"2006-02-22";-0.0026
"2006-02-21";-0.0021
"2006-02-20";0.0058
"2006-02-17";0.0004
"2006-02-16";-0.0038
"2006-02-15";0.0005
"2006-02-14";0.0008
"2006-02-13";-0.0068
"2006-02-10";-0.0001
"2006-02-09";0.0020
"2006-02-08";-0.0020
"2006-02-07";-0.0006
"2006-02-06";-0.0066
"2006-02-03";-0.0004
"2006-02-02";-0.0021
"2006-02-01";-0.0021
"2006-01-31";0.0029
"2006-01-30";-0.0073
"2006-01-27";-0.0066
"2006-01-26";-0.0032
"2006-01-25";0.0017
"2006-01-24";-0.0004
"2006-01-23";0.0173
"2006-01-20";-0.0004
"2006-01-19";-0.0042
"2006-01-18";0.0041
"2006-01-17";-0.0030
"2006-01-16";0.0060
"2006-01-13";-0.0061
"2006-01-12";0.0020
"2006-01-11";0.0019
"2006-01-10";-0.0011
"2006-01-09";-0.0012
"2006-01-06";0.0004
"2006-01-05";0.0004
"2006-01-04";0.0175
"2006-01-03";0.0041
"2006-01-02";0.0024
"2005-12-30";-0.0023
"2005-12-29";-0.0076
"2005-12-28";0.0053
"2005-12-27";-0.0005
"2005-12-23";0.0031
"2005-12-22";-0.0042
"2005-12-21";-0.0069
"2005-12-20";-0.0018
"2005-12-19";-0.0005
"2005-12-16";-0.0013
"2005-12-15";-0.0017
"2005-12-14";0.0079
"2005-12-13";0.0000
"2005-12-12";0.0118
"2005-12-09";0.0017
"2005-12-08";0.0046
"2005-12-07";-0.0061
"2005-12-06";0.0013
"2005-12-05";0.0059
"2005-12-02";-0.0040
"2005-12-01";-0.0020
"2005-11-30";-0.0020
"2005-11-29";0.0057
"2005-11-28";-0.0031
"2005-11-25";-0.0016
"2005-11-24";0.0005
"2005-11-23";0.0064
"2005-11-22";-0.0093
"2005-11-21";0.0113
"2005-11-18";-0.0011
"2005-11-17";0.0012
"2005-11-16";0.0008
"2005-11-15";-0.0039
"2005-11-14";0.0013
"2005-11-11";-0.0055
"2005-11-10";0.0020
"2005-11-09";-0.0002
"2005-11-08";-0.0070
"2005-11-07";-0.0091
"2005-11-04";-0.0089
"2005-11-03";0.0040
"2005-11-02";-0.0013
"2005-11-01";-0.0012
"2005-10-31";-0.0094
"2005-10-28";0.0006
"2005-10-27";0.0058
"2005-10-26";0.0034
"2005-10-25";0.0061
"2005-10-24";-0.0056
"2005-10-21";0.0049
"2005-10-20";0.0002
"2005-10-19";0.0010
"2005-10-18";-0.0070
"2005-10-17";0.0019
"2005-10-14";0.0015
"2005-10-13";-0.0023
"2005-10-12";-0.0011
"2005-10-11";-0.0054
"2005-10-10";-0.0046
"2005-10-07";0.0068
"2005-10-06";0.0095
"2005-10-05";0.0007
"2005-10-04";0.0004
"2005-10-03";-0.0090
"2005-09-30";-0.0017
"2005-09-29";0.0021
"2005-09-28";0.0026
"2005-09-27";-0.0021
"2005-09-26";-0.0071
"2005-09-23";-0.0086
"2005-09-22";0.0000
"2005-09-21";0.0058
"2005-09-20";0.0012
"2005-09-19";-0.0084
"2005-09-16";0.0016
"2005-09-15";-0.0073
"2005-09-14";0.0030
"2005-09-13";-0.0030
"2005-09-12";-0.0082
"2005-09-09";-0.0002
"2005-09-08";-0.0026
"2005-09-07";-0.0025
"2005-09-06";-0.0043
"2005-09-05";-0.0002
"2005-09-02";0.0123
"2005-09-01";0.0155
"2005-08-31";0.0013
"2005-08-30";-0.0087
"2005-08-29";-0.0014
"2005-08-26";0.0028
"2005-08-25";0.0049
"2005-08-24";-0.0017
"2005-08-23";0.0001
"2005-08-22";0.0039
"2005-08-19";-0.0024
"2005-08-18";-0.0067
"2005-08-17";-0.0013
"2005-08-16";-0.0049
"2005-08-15";-0.0066
"2005-08-12";0.0041
"2005-08-11";0.0022
"2005-08-10";0.0008
"2005-08-09";-0.0002
"2005-08-08";-0.0012
"2005-08-05";0.0054
"2005-08-04";0.0008
"2005-08-03";0.0074
"2005-08-02";-0.0001
"2005-08-01";0.0104
"2005-07-29";-0.0005
"2005-07-28";0.0091
"2005-07-27";0.0002
"2005-07-26";-0.0064
"2005-07-25";-0.0064
"2005-07-22";-0.0036
"2005-07-21";0.0102
"2005-07-20";0.0081
"2005-07-19";-0.0073
"2005-07-18";-0.0015
"2005-07-15";0.0004
"2005-07-14";-0.0096
"2005-07-13";0.0014
"2005-07-12";0.0133
"2005-07-11";0.0085
"2005-07-08";-0.0044
"2005-07-07";0.0036
"2005-07-06";0.0025
"2005-07-05";-0.0009
"2005-07-04";-0.0159
"2005-07-01";-0.0004
"2005-06-30";0.0031
"2005-06-29";-0.0033
"2005-06-28";-0.0056
"2005-06-27";0.0067
"2005-06-24";0.0013
"2005-06-23";-0.0037
"2005-06-22";0.0015
"2005-06-21";-0.0096
"2005-06-20";0.0027
"2005-06-17";0.0051
"2005-06-16";0.0038
"2005-06-15";-0.0033
"2005-06-14";0.0039
"2005-06-13";-0.0136
"2005-06-10";-0.0008
"2005-06-09";-0.0068
"2005-06-08";0.0031
"2005-06-07";0.0010
"2005-06-06";-0.0013
"2005-06-03";0.0021
"2005-06-02";0.0028
"2005-06-01";-0.0083
"2005-05-31";-0.0113
"2005-05-30";-0.0062
"2005-05-27";0.0022
"2005-05-26";-0.0032
"2005-05-25";-0.0042
"2005-05-24";0.0054
"2005-05-23";-0.0046
"2005-05-20";-0.0027
"2005-05-19";0.0016
"2005-05-18";-0.0011
"2005-05-17";0.0015
"2005-05-16";-0.0015
"2005-05-13";-0.0106
"2005-05-12";-0.0086
"2005-05-11";0.0021
"2005-05-10";0.0023
"2005-05-09";-0.0095
"2005-05-06";-0.0005
"2005-05-05";0.0000
"2005-05-04";0.0075
"2005-05-03";-0.0005
"2005-05-02";-0.0072
"2005-04-29";0.0040
"2005-04-28";-0.0011
"2005-04-27";-0.0046
"2005-04-26";0.0011
"2005-04-25";-0.0084
"2005-04-22";0.0014
"2005-04-21";0.0006
"2005-04-20";0.0040
"2005-04-19";0.0022
"2005-04-18";0.0076
"2005-04-15";0.0037
"2005-04-14";-0.0078
"2005-04-13";-0.0048
"2005-04-12";0.0010
"2005-04-11";0.0118
"2005-04-08";-0.0080
"2005-04-07";0.0048
"2005-04-06";0.0039
"2005-04-05";-0.0056
"2005-04-04";-0.0058
"2005-04-01";-0.0003
"2005-03-31";0.0016
"2005-03-30";0.0013
"2005-03-29";-0.0043
"2005-03-24";-0.0052
"2005-03-23";-0.0094
"2005-03-22";-0.0018
"2005-03-21";-0.0060
"2005-03-18";-0.0074
"2005-03-17";0.0003
"2005-03-16";-0.0007
"2005-03-15";0.0008
"2005-03-14";-0.0032
"2005-03-11";0.0005
"2005-03-10";0.0047
"2005-03-09";0.0075
"2005-03-08";0.0037
"2005-03-07";0.0062
"2005-03-04";-0.0022
"2005-03-03";0.0032
"2005-03-02";-0.0087
"2005-03-01";-0.0030
"2005-02-28";0.0069
"2005-02-25";-0.0071
"2005-02-24";0.0043
"2005-02-23";0.0007
"2005-02-22";0.0105
"2005-02-21";0.0012
"2005-02-18";-0.0001
"2005-02-17";0.0000
"2005-02-16";0.0018
"2005-02-15";0.0037
"2005-02-14";0.0087
"2005-02-11";0.0061
"2005-02-10";0.0011
"2005-02-09";-0.0001
"2005-02-08";-0.0062
"2005-02-07";-0.0087
"2005-02-04";-0.0033
"2005-02-03";-0.0045
"2005-02-02";0.0026
"2005-02-01";-0.0006
"2005-01-31";0.0000
"2005-01-28";0.0006
"2005-01-27";0.0016
"2005-01-26";-0.0015
"2005-01-25";-0.0030
"2005-01-24";0.0078
"2005-01-21";0.0020
"2005-01-20";-0.0112
"2005-01-19";0.0017
"2005-01-18";-0.0019
"2005-01-17";-0.0004
"2005-01-14";-0.0106
"2005-01-13";0.0070
"2005-01-12";-0.0003
"2005-01-11";0.0030
"2005-01-10";-0.0073
"2005-01-07";0.0012
"2005-01-06";-0.0031
"2005-01-05";-0.0105
"2005-01-04";-0.0105
"2005-01-03";-0.0083
"2004-12-31";0.0012
"2004-12-30";-0.0002
"2004-12-29";-0.0018
"2004-12-28";0.0078
"2004-12-27";-0.0011
"2004-12-24";0.0063
"2004-12-23";0.0053
"2004-12-22";-0.0007
"2004-12-21";0.0011
"2004-12-20";0.0085
"2004-12-17";-0.0102
"2004-12-16";0.0013
"2004-12-15";0.0049
"2004-12-14";0.0036
"2004-12-13";0.0058
"2004-12-10";-0.0085
"2004-12-09";0.0003
"2004-12-08";-0.0115
"2004-12-07";0.0015
"2004-12-06";0.0101
"2004-12-03";-0.0010
"2004-12-02";0.0015
"2004-12-01";0.0000
"2004-11-30";0.0036
"2004-11-29";0.0006
"2004-11-26";0.0018
"2004-11-25";0.0050
"2004-11-24";0.0043
"2004-11-23";0.0042
"2004-11-22";0.0009
"2004-11-19";-0.0003
"2004-11-18";-0.0001
"2004-11-17";0.0042
"2004-11-16";0.0012
"2004-11-15";0.0026
"2004-11-12";0.0024
"2004-11-11";-0.0067
"2004-11-10";0.0051
"2004-11-09";-0.0004
"2004-11-08";0.0047
"2004-11-05";-0.0013
"2004-11-04";0.0094
"2004-11-03";0.0038
"2004-11-02";-0.0033
"2004-11-01";0.0008
"2004-10-29";0.0020
"2004-10-28";-0.0063
"2004-10-27";0.0006
"2004-10-26";-0.0006
"2004-10-25";0.0147
"2004-10-22";0.0000
"2004-10-21";0.0012
"2004-10-20";0.0064
"2004-10-19";0.0028
"2004-10-18";0.0048
"2004-10-15";0.0029
"2004-10-14";0.0089
"2004-10-13";-0.0036
"2004-10-12";-0.0064
"2004-10-11";0.0062
"2004-10-08";0.0011
"2004-10-07";0.0015
"2004-10-06";-0.0017
"2004-10-05";0.0000
"2004-10-04";-0.0087
"2004-10-01";0.0003
"2004-09-30";0.0069
"2004-09-29";-0.0009
"2004-09-28";0.0066
"2004-09-27";-0.0044
"2004-09-24";-0.0004
"2004-09-23";0.0057
"2004-09-22";-0.0025
"2004-09-21";0.0118
"2004-09-20";-0.0064
"2004-09-17";0.0043
"2004-09-16";-0.0065
"2004-09-15";0.0000
"2004-09-14";0.0000
"2004-09-13";0.0013
"2004-09-10";0.0022
"2004-09-09";0.0126
"2004-09-08";-0.0033
"2004-09-07";0.0006
"2004-09-06";-0.0085
"2004-09-03";0.0002
"2004-09-02";0.0003
"2004-09-01";0.0047
"2004-08-31";0.0053
"2004-08-30";-0.0031
"2004-08-27";-0.0012
"2004-08-26";0.0015
"2004-08-25";-0.0047
"2004-08-24";-0.0090
"2004-08-23";-0.0034
"2004-08-20";-0.0053
"2004-08-19";0.0022
"2004-08-18";-0.0005
"2004-08-17";0.0000
"2004-08-16";0.0096
"2004-08-13";-0.0030
"2004-08-12";0.0018
"2004-08-11";-0.0037
"2004-08-10";0.0026
"2004-08-09";0.0151
"2004-08-06";0.0018
"2004-08-05";0.0049
"2004-08-04";-0.0032
"2004-08-03";-0.0027
"2004-08-02";0.0013
"2004-07-30";0.0010
"2004-07-29";-0.0006
"2004-07-28";-0.0110
"2004-07-27";0.0004
"2004-07-26";-0.0022
"2004-07-23";-0.0062
"2004-07-22";-0.0022
"2004-07-21";-0.0071
"2004-07-20";-0.0021
"2004-07-19";0.0047
"2004-07-16";-0.0016
"2004-07-15";-0.0005
"2004-07-14";0.0007
"2004-07-13";-0.0020
"2004-07-12";0.0020
"2004-07-09";0.0019
"2004-07-08";-0.0007
"2004-07-07";0.0038
"2004-07-06";0.0017
"2004-07-05";0.0115
"2004-07-02";-0.0016
"2004-07-01";0.0010
"2004-06-30";-0.0011
"2004-06-29";-0.0031
"2004-06-28";0.0057
"2004-06-25";0.0013
"2004-06-24";0.0028
"2004-06-23";-0.0003
"2004-06-22";-0.0017
"2004-06-21";0.0058
"2004-06-18";-0.0002
"2004-06-17";-0.0010
"2004-06-16";0.0005
"2004-06-15";0.0041
"2004-06-14";-0.0004
"2004-06-11";-0.0038
"2004-06-10";-0.0086
"2004-06-09";-0.0111
"2004-06-08";-0.0020
"2004-06-07";0.0095
"2004-06-04";-0.0018
"2004-06-03";-0.0040
"2004-06-02";0.0036
"2004-06-01";0.0027
"2004-05-31";-0.0039
"2004-05-28";0.0066
"2004-05-27";0.0048
"2004-05-26";0.0035
"2004-05-25";0.0079
"2004-05-24";-0.0052
"2004-05-21";0.0091
"2004-05-20";-0.0055
"2004-05-19";0.0005
"2004-05-18";-0.0033
"2004-05-17";0.0187
"2004-05-14";-0.0017
"2004-05-13";-0.0028
"2004-05-12";0.0044
"2004-05-11";-0.0032
"2004-05-10";-0.0190
"2004-05-07";-0.0035
"2004-05-06";-0.0008
"2004-05-05";0.0053
"2004-05-04";0.0090
"2004-05-03";0.0005
"2004-04-30";0.0102
"2004-04-29";-0.0068
"2004-04-28";0.0016
"2004-04-27";0.0030
"2004-04-26";-0.0028
"2004-04-23";0.0010
"2004-04-22";0.0031
"2004-04-21";-0.0075
"2004-04-20";-0.0097
"2004-04-19";0.0093
"2004-04-16";0.0016
"2004-04-15";-0.0010
"2004-04-14";-0.0042
"2004-04-13";-0.0100
"2004-04-08";-0.0004
"2004-04-07";0.0009
"2004-04-06";0.0026
"2004-04-05";-0.0211
"2004-04-02";-0.0001
"2004-04-01";0.0078
"2004-03-31";0.0030
"2004-03-30";0.0056
"2004-03-29";-0.0045
"2004-03-26";0.0033
"2004-03-25";-0.0052
"2004-03-24";-0.0065
"2004-03-23";-0.0062
"2004-03-22";0.0007
"2004-03-19";0.0067
"2004-03-18";0.0008
"2004-03-17";-0.0080
"2004-03-16";0.0058
"2004-03-15";0.0035
"2004-03-12";-0.0017
"2004-03-11";-0.0034
"2004-03-10";-0.0050
"2004-03-09";0.0004
"2004-03-08";0.0134
"2004-03-05";0.0037
"2004-03-04";0.0003
"2004-03-03";-0.0208
"2004-03-02";-0.0065
"2004-03-01";0.0053
"2004-02-27";-0.0020
"2004-02-26";-0.0146
"2004-02-25";0.0026
"2004-02-24";0.0015
"2004-02-23";-0.0068
"2004-02-20";-0.0047
"2004-02-19";-0.0077
"2004-02-18";-0.0026
"2004-02-17";0.0091
"2004-02-16";-0.0058
"2004-02-13";0.0010
"2004-02-12";0.0096
"2004-02-11";-0.0065
"2004-02-10";0.0040
"2004-02-09";0.0146
"2004-02-06";-0.0042
"2004-02-05";0.0047
"2004-02-04";-0.0048
"2004-02-03";0.0099
"2004-02-02";0.0062
"2004-01-30";-0.0067
"2004-01-29";-0.0075
"2004-01-28";0.0036
"2004-01-27";-0.0046
"2004-01-26";-0.0092
"2004-01-23";-0.0014
"2004-01-22";0.0081
"2004-01-21";0.0056
"2004-01-20";0.0131
"2004-01-19";-0.0096
"2004-01-16";-0.0112
"2004-01-15";-0.0044
"2004-01-14";-0.0044
"2004-01-13";-0.0061
"2004-01-12";0.0071
"2004-01-09";0.0081
"2004-01-08";-0.0035
"2004-01-07";-0.0060
"2004-01-06";0.0078
"2004-01-05";0.0051
"2004-01-02";-0.0030
"2003-12-31";0.0107
"2003-12-30";-0.0002
"2003-12-29";0.0074
"2003-12-24";0.0012
"2003-12-23";-0.0033
"2003-12-22";0.0012
"2003-12-19";0.0012
"2003-12-18";0.0053
"2003-12-17";-0.0001
"2003-12-16";0.0089
"2003-12-15";-0.0019
"2003-12-12";0.0054
"2003-12-11";-0.0042
"2003-12-10";-0.0015
"2003-12-09";0.0032
"2003-12-08";0.0108
"2003-12-05";0.0010
"2003-12-04";-0.0023
"2003-12-03";0.0106
"2003-12-02";-0.0036
"2003-12-01";0.0020
"2003-11-28";0.0077
"2003-11-27";0.0062
"2003-11-26";0.0052
"2003-11-25";-0.0048
"2003-11-24";-0.0063
"2003-11-21";-0.0008
"2003-11-20";0.0000
"2003-11-19";0.0112
"2003-11-18";-0.0020
"2003-11-17";0.0031
"2003-11-14";0.0072
"2003-11-13";0.0068
"2003-11-12";0.0089
"2003-11-11";0.0012
"2003-11-10";0.0051
"2003-11-07";-0.0021
"2003-11-06";-0.0020
"2003-11-05";0.0004
"2003-11-04";-0.0104
"2003-11-03";-0.0028
"2003-10-31";-0.0097
"2003-10-30";0.0044
"2003-10-29";0.0009
"2003-10-28";-0.0063
"2003-10-27";-0.0028
"2003-10-24";-0.0004
"2003-10-23";0.0078
"2003-10-22";0.0061
"2003-10-21";-0.0005
"2003-10-20";0.0043
"2003-10-17";-0.0030
"2003-10-16";-0.0046
"2003-10-15";0.0030
"2003-10-14";-0.0046
"2003-10-13";-0.0084
"2003-10-10";0.0000
"2003-10-09";0.0005
"2003-10-08";0.0011
"2003-10-07";0.0163
"2003-10-06";-0.0091
"2003-10-03";-0.0005
"2003-10-02";0.0017
"2003-10-01";0.0016
"2003-09-30";0.0209
"2003-09-29";-0.0064
"2003-09-26";-0.0005
"2003-09-25";0.0023
"2003-09-24";0.0001
"2003-09-23";-0.0003
"2003-09-22";0.0137
"2003-09-19";0.0019
"2003-09-18";0.0069
"2003-09-17";-0.0020
"2003-09-16";-0.0040
"2003-09-15";0.0097
"2003-09-12";-0.0040
"2003-09-11";0.0040
"2003-09-10";0.0033
"2003-09-09";0.0057
"2003-09-08";0.0135
"2003-09-05";0.0097
"2003-09-04";0.0032
"2003-09-03";-0.0060
"2003-09-02";-0.0105
"2003-09-01";0.0034
"2003-08-29";0.0091
"2003-08-28";-0.0072
"2003-08-27";0.0084
"2003-08-26";-0.0066
"2003-08-25";-0.0005
"2003-08-22";-0.0104
"2003-08-21";-0.0090
"2003-08-20";0.0039
"2003-08-19";-0.0109
"2003-08-18";-0.0052
"2003-08-15";-0.0020
"2003-08-14";-0.0006
"2003-08-13";-0.0030
"2003-08-12";0.0015
"2003-08-11";-0.0027
"2003-08-08";-0.0023
"2003-08-07";-0.0034
"2003-08-06";0.0052
"2003-08-05";0.0022
"2003-08-04";0.0123
"2003-08-01";-0.0131
"2003-07-31";-0.0089
"2003-07-30";-0.0036
"2003-07-29";-0.0023
"2003-07-28";0.0010
"2003-07-25";0.0008
"2003-07-24";0.0057
"2003-07-23";0.0051
"2003-07-22";0.0052
"2003-07-21";0.0070
"2003-07-18";-0.0023
"2003-07-17";0.0083
"2003-07-16";-0.0159
"2003-07-15";0.0017
"2003-07-14";-0.0014
"2003-07-11";-0.0023
"2003-07-10";-0.0011
"2003-07-09";0.0025
"2003-07-08";-0.0029
"2003-07-07";-0.0092
"2003-07-04";0.0007
"2003-07-03";-0.0067
"2003-07-02";-0.0006
"2003-07-01";0.0101
"2003-06-30";0.0012
"2003-06-27";-0.0016
"2003-06-26";-0.0103
"2003-06-25";-0.0012
"2003-06-24";0.0022
"2003-06-23";-0.0099
"2003-06-20";0.0000
"2003-06-19";-0.0037
"2003-06-18";-0.0083
"2003-06-17";-0.0048
"2003-06-16";0.0087
"2003-06-13";0.0014
"2003-06-12";-0.0011
"2003-06-11";0.0041
"2003-06-10";-0.0023
"2003-06-09";-0.0073
"2003-06-06";0.0032
"2003-06-05";0.0071
"2003-06-04";-0.0027
"2003-06-03";0.0043
"2003-06-02";-0.0126
"2003-05-30";0.0056
"2003-05-29";0.0015
"2003-05-28";-0.0136
"2003-05-27";0.0074
"2003-05-26";0.0019
"2003-05-23";0.0059
"2003-05-22";0.0026
"2003-05-21";0.0038
"2003-05-20";-0.0006
"2003-05-19";0.0139
"2003-05-16";0.0029
"2003-05-15";-0.0035
"2003-05-14";-0.0016
"2003-05-13";-0.0068
"2003-05-12";0.0114
"2003-05-09";0.0027
"2003-05-08";0.0007
"2003-05-07";0.0073
"2003-05-06";0.0112
"2003-05-05";-0.0018
"2003-05-02";0.0097
"2003-04-30";0.0159
"2003-04-29";-0.0062
"2003-04-28";0.0047
"2003-04-25";-0.0031
"2003-04-24";0.0058
"2003-04-23";-0.0024
"2003-04-22";0.0046
"2003-04-17";0.0077
"2003-04-16";0.0048
"2003-04-15";0.0043
"2003-04-14";0.0001
"2003-04-11";-0.0064
"2003-04-10";0.0058
"2003-04-09";0.0076
"2003-04-08";0.0073
"2003-04-07";-0.0128
"2003-04-04";0.0016
"2003-04-03";-0.0118
"2003-04-02";-0.0056
"2003-04-01";-0.0003
"2003-03-31";0.0153
"2003-03-28";0.0006
"2003-03-27";0.0052
"2003-03-26";-0.0022
"2003-03-25";0.0053
"2003-03-24";0.0058
"2003-03-21";-0.0018
"2003-03-20";0.0020
"2003-03-19";-0.0015
"2003-03-18";-0.0199
"2003-03-17";0.0024
"2003-03-14";-0.0081
"2003-03-13";-0.0148
"2003-03-12";-0.0046
"2003-03-11";0.0034
"2003-03-10";0.0002
"2003-03-07";0.0069
"2003-03-06";-0.0002
"2003-03-05";0.0043
"2003-03-04";0.0110
"2003-03-03";0.0016
"2003-02-28";-0.0036
"2003-02-27";0.0064
"2003-02-26";-0.0019
"2003-02-25";0.0049
"2003-02-24";-0.0107
"2003-02-21";0.0069
"2003-02-20";0.0042
"2003-02-19";0.0002
"2003-02-18";-0.0001
"2003-02-17";-0.0071
"2003-02-14";0.0032
"2003-02-13";0.0025
"2003-02-12";0.0023
"2003-02-11";-0.0094
"2003-02-10";0.0017
"2003-02-07";-0.0022
"2003-02-06";-0.0088
"2003-02-05";0.0081
"2003-02-04";0.0086
"2003-02-03";-0.0080
"2003-01-31";0.0063
"2003-01-30";-0.0110
"2003-01-29";0.0055
"2003-01-28";-0.0057
"2003-01-27";0.0079
"2003-01-24";0.0025
"2003-01-23";0.0036
"2003-01-22";0.0061
"2003-01-21";0.0000
"2003-01-20";0.0000
"2003-01-17";0.0083
"2003-01-16";0.0036
"2003-01-15";-0.0048
"2003-01-14";0.0026
"2003-01-13";0.0043
"2003-01-10";-0.0003
"2003-01-09";0.0125
"2003-01-08";-0.0046
"2003-01-07";-0.0060
"2003-01-06";0.0092
"2003-01-03";-0.0051
"2003-01-02";-0.0039
"2002-12-31";0.0062
"2002-12-30";0.0044
"2002-12-27";0.0077
"2002-12-24";0.0013
"2002-12-23";0.0026
"2002-12-20";-0.0017
"2002-12-19";0.0032
"2002-12-18";-0.0065
"2002-12-17";0.0093
"2002-12-16";-0.0008
"2002-12-13";0.0064
"2002-12-12";0.0088
"2002-12-11";-0.0043
"2002-12-10";0.0017
"2002-12-09";0.0086
"2002-12-06";0.0015
"2002-12-05";-0.0026
"2002-12-04";0.0051
"2002-12-03";0.0097
"2002-12-02";-0.0056
"2002-11-29";-0.0007
"2002-11-28";0.0007
"2002-11-27";0.0017
"2002-11-26";0.0005
"2002-11-25";-0.0118
"2002-11-22";-0.0009
"2002-11-21";0.0014
"2002-11-20";-0.0104
"2002-11-19";0.0059
"2002-11-18";0.0035
"2002-11-15";-0.0065
"2002-11-14";0.0026
"2002-11-13";-0.0012
"2002-11-12";-0.0044
"2002-11-11";0.0018
"2002-11-08";0.0093
"2002-11-07";0.0058
"2002-11-06";-0.0068
"2002-11-05";0.0080
"2002-11-04";-0.0030
"2002-11-01";0.0111
"2002-10-31";0.0039
"2002-10-30";0.0005
"2002-10-29";0.0076
"2002-10-28";-0.0018
"2002-10-25";0.0025
"2002-10-24";-0.0037
"2002-10-23";0.0007
"2002-10-22";0.0020
"2002-10-21";0.0013
"2002-10-18";-0.0028
"2002-10-17";-0.0061
"2002-10-16";0.0013
"2002-10-15";-0.0063
"2002-10-14";0.0016
"2002-10-11";-0.0018
"2002-10-10";0.0062
"2002-10-09";0.0014
"2002-10-08";-0.0008
"2002-10-07";-0.0057
"2002-10-04";-0.0025
"2002-10-03";0.0055
"2002-10-02";-0.0026
"2002-10-01";0.0001
"2002-09-30";0.0082
"2002-09-27";-0.0017
"2002-09-26";0.0025
"2002-09-25";-0.0057
"2002-09-24";-0.0003
"2002-09-23";0.0041
"2002-09-20";-0.0024
"2002-09-19";0.0091
"2002-09-18";0.0078
"2002-09-17";-0.0035
"2002-09-16";-0.0129
"2002-09-13";0.0054
"2002-09-12";0.0008
"2002-09-11";-0.0011
"2002-09-10";-0.0034
"2002-09-09";-0.0125
"2002-09-06";-0.0057
"2002-09-05";0.0028
"2002-09-04";0.0037
"2002-09-03";0.0090
"2002-09-02";-0.0012
"2002-08-30";-0.0010
"2002-08-29";0.0017
"2002-08-28";0.0053
"2002-08-27";0.0075
"2002-08-26";0.0004
"2002-08-23";-0.0074
"2002-08-22";0.0008
"2002-08-21";-0.0030
"2002-08-20";-0.0007
"2002-08-19";-0.0026
"2002-08-16";0.0049
"2002-08-15";-0.0081
"2002-08-14";0.0059
"2002-08-13";0.0019
"2002-08-12";0.0052
"2002-08-09";0.0043
"2002-08-08";-0.0011
"2002-08-07";0.0009
"2002-08-06";-0.0149
"2002-08-05";-0.0037
"2002-08-02";0.0115
"2002-08-01";-0.0023
"2002-07-31";-0.0052
"2002-07-30";0.0014
"2002-07-29";-0.0186
"2002-07-26";-0.0005
"2002-07-25";0.0099
"2002-07-24";0.0005
"2002-07-23";-0.0174
"2002-07-22";-0.0059
"2002-07-19";0.0087
"2002-07-18";-0.0005
"2002-07-17";-0.0062
"2002-07-16";0.0102
"2002-07-15";0.0152
"2002-07-12";0.0037
"2002-07-11";-0.0062
"2002-07-10";-0.0032
"2002-07-09";0.0103
"2002-07-08";0.0105
"2002-07-05";-0.0066
"2002-07-04";0.0010
"2002-07-03";-0.0058
"2002-07-02";-0.0075
"2002-07-01";-0.0062
"2002-06-28";0.0153
"2002-06-27";-0.0093
"2002-06-26";0.0211
"2002-06-25";-0.0070
"2002-06-24";0.0150
"2002-06-21";0.0045
"2002-06-20";0.0032
"2002-06-19";0.0081
"2002-06-18";0.0061
"2002-06-17";-0.0054
"2002-06-14";0.0064
"2002-06-13";-0.0037
"2002-06-12";0.0037
"2002-06-11";-0.0044
"2002-06-10";0.0007
"2002-06-07";0.0070
"2002-06-06";0.0016
"2002-06-05";-0.0067
"2002-06-04";0.0130
"2002-06-03";-0.0078
"2002-05-31";0.0012
"2002-05-30";0.0059
"2002-05-29";0.0070
"2002-05-28";0.0070
"2002-05-27";0.0002
"2002-05-24";-0.0027
"2002-05-23";-0.0050
"2002-05-22";0.0051
"2002-05-21";0.0011
"2002-05-20";0.0054
"2002-05-17";0.0030
"2002-05-16";0.0104
"2002-05-15";-0.0035
"2002-05-14";-0.0061
"2002-05-13";0.0000
"2002-05-10";0.0062
"2002-05-09";-0.0029
"2002-05-08";-0.0040
"2002-05-07";-0.0020
"2002-05-06";0.0067
"2002-05-03";0.0056
"2002-05-02";0.0026
"2002-04-30";-0.0033
"2002-04-29";0.0074
"2002-04-26";0.0002
"2002-04-25";0.0086
"2002-04-24";0.0022
"2002-04-23";-0.0011
"2002-04-22";-0.0004
"2002-04-19";-0.0010
"2002-04-18";0.0016
"2002-04-17";0.0087
"2002-04-16";0.0001
"2002-04-15";-0.0001
"2002-04-12";0.0010
"2002-04-11";-0.0004
"2002-04-10";0.0039
"2002-04-09";-0.0017
"2002-04-08";-0.0009
"2002-04-05";-0.0036
"2002-04-04";0.0017
"2002-04-03";0.0019
"2002-04-02";0.0071
"2002-03-28";-0.0025
"2002-03-27";0.0010
"2002-03-26";-0.0025
"2002-03-25";-0.0040
"2002-03-22";-0.0024
"2002-03-21";0.0003
"2002-03-20";-0.0016
"2002-03-19";0.0042
"2002-03-18";-0.0068
"2002-03-15";0.0056
"2002-03-14";0.0079
"2002-03-13";0.0001
"2002-03-12";-0.0009
"2002-03-11";-0.0063
"2002-03-08";0.0037
"2002-03-07";0.0059
"2002-03-06";0.0034
"2002-03-05";0.0038
"2002-03-04";-0.0034
"2002-03-01";0.0032
"2002-02-28";0.0002
"2002-02-27";-0.0038
"2002-02-26";-0.0048
"2002-02-25";-0.0026
"2002-02-22";0.0052
"2002-02-21";-0.0048
"2002-02-20";0.0058
"2002-02-19";-0.0026
"2002-02-18";0.0011
"2002-02-15";0.0013
"2002-02-14";-0.0043
"2002-02-13";-0.0025
"2002-02-12";-0.0046
"2002-02-11";0.0061
"2002-02-08";0.0087
"2002-02-07";0.0000
"2002-02-06";-0.0021
"2002-02-05";0.0045
"2002-02-04";0.0013
"2002-02-01";-0.0005
"2002-01-31";-0.0005
"2002-01-30";0.0020
"2002-01-29";0.0053
"2002-01-28";-0.0098
"2002-01-25";-0.0118
"2002-01-24";-0.0100
"2002-01-23";0.0029
"2002-01-22";-0.0011
"2002-01-21";0.0034
"2002-01-18";-0.0010
"2002-01-17";0.0002
"2002-01-16";-0.0117
"2002-01-15";-0.0005
"2002-01-14";0.0008
"2002-01-11";0.0011
"2002-01-10";-0.0013
"2002-01-09";0.0013
"2002-01-08";0.0004
"2002-01-07";-0.0054
"2002-01-04";-0.0090
"2002-01-03";-0.0002
"2002-01-02";0.0255
"2001-12-28";-0.0011
"2001-12-27";0.0028
"2001-12-24";-0.0162
"2001-12-21";-0.0033
"2001-12-20";-0.0011
"2001-12-19";-0.0032
"2001-12-18";-0.0040
"2001-12-17";0.0036
"2001-12-14";0.0045
"2001-12-13";0.0041
"2001-12-12";0.0033
"2001-12-11";0.0065
"2001-12-10";-0.0068
"2001-12-07";0.0024
"2001-12-06";-0.0033
"2001-12-05";0.0019
"2001-12-04";-0.0025
"2001-12-03";0.0030
"2001-11-30";0.0012
"2001-11-29";0.0063
"2001-11-28";0.0048
"2001-11-27";-0.0034
"2001-11-26";0.0026
"2001-11-23";0.0019
"2001-11-22";-0.0014
"2001-11-21";-0.0037
"2001-11-20";0.0035
"2001-11-19";-0.0058
"2001-11-16";0.0022
"2001-11-15";0.0024
"2001-11-14";-0.0044
"2001-11-13";-0.0086
"2001-11-12";-0.0012
"2001-11-09";-0.0046
"2001-11-08";-0.0046
"2001-11-07";0.0059
"2001-11-06";0.0000
"2001-11-05";-0.0104
"2001-11-02";-0.0045
"2001-11-01";0.0060
"2001-10-31";-0.0024
"2001-10-30";0.0065
"2001-10-29";0.0105
"2001-10-26";0.0024
"2001-10-25";-0.0031
"2001-10-24";0.0033
"2001-10-23";-0.0091
"2001-10-22";-0.0044
"2001-10-19";-0.0018
"2001-10-18";0.0004
"2001-10-17";-0.0033
"2001-10-16";-0.0049
"2001-10-15";0.0063
"2001-10-12";-0.0024
"2001-10-11";-0.0080
"2001-10-10";-0.0062
"2001-10-09";-0.0022
"2001-10-08";0.0043
"2001-10-05";0.0062
"2001-10-04";-0.0099
"2001-10-03";0.0021
"2001-10-02";0.0070
"2001-10-01";-0.0006
"2001-09-28";-0.0080
"2001-09-27";-0.0015
"2001-09-26";0.0046
"2001-09-25";0.0013
"2001-09-24";-0.0039
"2001-09-21";-0.0063
"2001-09-20";0.0001
"2001-09-19";0.0002
"2001-09-18";-0.0014
"2001-09-17";0.0054
"2001-09-14";0.0175
"2001-09-13";0.0008
"2001-09-12";0.0098
"2001-09-11";-0.0091
"2001-09-10";0.0106
"2001-09-07";0.0109
"2001-09-06";-0.0040
"2001-09-05";-0.0088
"2001-09-04";-0.0112
"2001-09-03";-0.0093
"2001-08-31";0.0069
"2001-08-30";-0.0029
"2001-08-29";0.0088
"2001-08-28";-0.0052
"2001-08-27";-0.0019
"2001-08-24";-0.0004
"2001-08-23";-0.0112
"2001-08-22";0.0096
"2001-08-21";-0.0022
"2001-08-20";0.0012
"2001-08-17";-0.0006
"2001-08-16";0.0032
"2001-08-15";0.0162
"2001-08-14";-0.0025
"2001-08-13";0.0061
"2001-08-10";0.0093
"2001-08-09";0.0102
"2001-08-08";-0.0005
"2001-08-07";-0.0042
"2001-08-06";-0.0001
"2001-08-03";0.0020
"2001-08-02";-0.0032
"2001-08-01";0.0070
"2001-07-31";0.0004
"2001-07-30";-0.0019
"2001-07-27";0.0004
"2001-07-26";-0.0032
"2001-07-25";0.0097
"2001-07-24";0.0036
"2001-07-23";-0.0113
"2001-07-20";0.0060
"2001-07-19";0.0107
"2001-07-18";0.0133
"2001-07-17";-0.0078
"2001-07-16";0.0051
"2001-07-13";0.0001
"2001-07-12";-0.0084
"2001-07-11";0.0077
"2001-07-10";0.0101
"2001-07-09";0.0089
"2001-07-06";-0.0045
"2001-07-05";-0.0036
"2001-07-04";-0.0051
"2001-07-03";0.0049
"2001-07-02";-0.0029
"2001-06-29";-0.0036
"2001-06-28";-0.0128
"2001-06-27";0.0012
"2001-06-26";0.0004
"2001-06-25";0.0092
"2001-06-22";-0.0028
"2001-06-21";0.0045
"2001-06-20";-0.0058
"2001-06-19";-0.0020
"2001-06-18";-0.0093
"2001-06-15";0.0200
"2001-06-14";-0.0058
"2001-06-13";0.0080
"2001-06-12";-0.0023
"2001-06-11";0.0030
"2001-06-08";0.0002
"2001-06-07";-0.0090
"2001-06-06";0.0092
"2001-06-05";-0.0056
"2001-06-04";0.0041
"2001-06-01";-0.0002
"2001-05-31";-0.0091
"2001-05-30";0.0007
"2001-05-29";-0.0037
"2001-05-28";-0.0008
"2001-05-25";-0.0015
"2001-05-24";0.0022
"2001-05-23";-0.0115
"2001-05-22";-0.0078
"2001-05-21";-0.0026
"2001-05-18";-0.0043
"2001-05-17";-0.0021
"2001-05-16";0.0075
"2001-05-15";0.0026
"2001-05-14";-0.0031
"2001-05-11";-0.0087
"2001-05-10";0.0026
"2001-05-09";-0.0043
"2001-05-08";-0.0059
"2001-05-07";-0.0022
"2001-05-04";0.0040
"2001-05-03";-0.0004
"2001-05-02";0.0034
"2001-04-30";-0.0162
"2001-04-27";0.0011
"2001-04-26";0.0073
"2001-04-25";-0.0028
"2001-04-24";-0.0032
"2001-04-23";0.0014
"2001-04-20";0.0183
"2001-04-19";0.0055
"2001-04-18";-0.0014
"2001-04-17";-0.0065
"2001-04-12";0.0010
"2001-04-11";-0.0117
"2001-04-10";-0.0080
"2001-04-09";0.0087
"2001-04-06";-0.0088
"2001-04-05";-0.0013
"2001-04-04";0.0211
"2001-04-03";0.0083
"2001-04-02";-0.0067
"2001-03-30";-0.0009
"2001-03-29";-0.0022
"2001-03-28";-0.0102
"2001-03-27";0.0019
"2001-03-26";0.0014
"2001-03-23";0.0037
"2001-03-22";-0.0112
"2001-03-21";-0.0033
"2001-03-20";0.0026
"2001-03-19";0.0054
"2001-03-16";-0.0129
"2001-03-15";-0.0128
"2001-03-14";-0.0021
"2001-03-13";-0.0075
"2001-03-12";-0.0090
"2001-03-09";0.0048
"2001-03-08";0.0005
"2001-03-07";0.0030
"2001-03-06";-0.0027
"2001-03-05";-0.0061
"2001-03-02";0.0101
"2001-03-01";0.0022
"2001-02-28";0.0092
"2001-02-27";0.0063
"2001-02-26";0.0045
"2001-02-23";0.0008
"2001-02-22";-0.0098
"2001-02-21";0.0083
"2001-02-20";-0.0155
"2001-02-19";0.0109
"2001-02-16";0.0025
"2001-02-15";-0.0095
"2001-02-14";-0.0104
"2001-02-13";-0.0013
"2001-02-12";0.0066
"2001-02-09";0.0007
"2001-02-08";-0.0112
"2001-02-07";0.0003
"2001-02-06";-0.0109
"2001-02-05";0.0019
"2001-02-02";0.0001
"2001-02-01";0.0121
"2001-01-31";0.0104
"2001-01-30";0.0004
"2001-01-29";-0.0037
"2001-01-26";0.0089
"2001-01-25";-0.0159
"2001-01-24";-0.0120
"2001-01-23";0.0125
"2001-01-22";-0.0117
"2001-01-19";-0.0004
"2001-01-18";0.0008
"2001-01-17";-0.0016
"2001-01-16";-0.0016
"2001-01-15";-0.0122
"2001-01-12";0.0023
"2001-01-11";0.0117
"2001-01-10";0.0011
"2001-01-09";-0.0101
"2001-01-08";-0.0050
"2001-01-05";0.0091
"2001-01-04";-0.0075
"2001-01-03";0.0113
"2001-01-02";0.0126
"2000-12-29";0.0021
"2000-12-28";-0.0026
"2000-12-27";0.0075
"2000-12-22";0.0102
"2000-12-21";0.0096
"2000-12-20";0.0175
"2000-12-19";-0.0070
"2000-12-18";-0.0020
"2000-12-15";0.0164
"2000-12-14";0.0104
"2000-12-13";-0.0038
"2000-12-12";-0.0024
"2000-12-11";-0.0102
"2000-12-08";-0.0053
"2000-12-07";0.0130
"2000-12-06";0.0020
"2000-12-05";-0.0110
"2000-12-04";0.0198
"2000-12-01";0.0058
"2000-11-30";0.0039
"2000-11-29";0.0103
"2000-11-28";0.0184
"2000-11-27";-0.0035
"2000-11-24";0.0010
"2000-11-23";-0.0002
"2000-11-22";-0.0053
"2000-11-21";-0.0016
"2000-11-20";-0.0055
"2000-11-17";-0.0039
"2000-11-16";-0.0031
"2000-11-15";0.0015
"2000-11-14";-0.0042
"2000-11-13";-0.0061
"2000-11-10";0.0166
"2000-11-09";-0.0032
"2000-11-08";-0.0032
"2000-11-07";-0.0092
"2000-11-06";-0.0072
"2000-11-03";0.0097
"2000-11-02";0.0107
"2000-11-01";0.0162
"2000-10-31";-0.0076
"2000-10-30";0.0189
"2000-10-27";0.0087
"2000-10-26";-0.0066
"2000-10-25";-0.0094
"2000-10-24";0.0010
"2000-10-23";-0.0088
"2000-10-20";0.0048
"2000-10-19";-0.0133
"2000-10-18";0.0034
"2000-10-17";-0.0017
"2000-10-16";-0.0134
"2000-10-13";-0.0024
"2000-10-12";-0.0082
"2000-10-11";-0.0001
"2000-10-10";0.0029
"2000-10-09";-0.0009
"2000-10-06";-0.0094
"2000-10-05";0.0064
"2000-10-04";-0.0037
"2000-10-03";-0.0044
"2000-10-02";0.0042
"2000-09-29";-0.0075
"2000-09-28";-0.0032
"2000-09-27";0.0118
"2000-09-26";-0.0014
"2000-09-25";-0.0134
"2000-09-22";0.0429
"2000-09-21";0.0056
"2000-09-20";-0.0076
"2000-09-19";0.0017
"2000-09-18";-0.0103
"2000-09-15";-0.0089
"2000-09-14";0.0045
"2000-09-13";0.0046
"2000-09-12";0.0005
"2000-09-11";-0.0144
"2000-09-08";0.0068
"2000-09-07";-0.0161
"2000-09-06";-0.0076
"2000-09-05";-0.0126
"2000-09-04";0.0110
"2000-09-01";-0.0004
"2000-08-31";-0.0003
"2000-08-30";-0.0062
"2000-08-29";-0.0046
"2000-08-28";-0.0015
"2000-08-25";0.0009
"2000-08-24";0.0105
"2000-08-23";-0.0060
"2000-08-22";-0.0056
"2000-08-21";-0.0113
"2000-08-18";-0.0014
"2000-08-17";0.0074
"2000-08-16";-0.0050
"2000-08-15";0.0118
"2000-08-14";-0.0132
"2000-08-11";0.0111
"2000-08-10";0.0064
"2000-08-09";-0.0081
"2000-08-08";-0.0040
"2000-08-07";0.0058
"2000-08-04";0.0003
"2000-08-03";-0.0124
"2000-08-02";-0.0131
"2000-08-01";0.0022
"2000-07-31";-0.0035
"2000-07-28";-0.0120
"2000-07-27";-0.0001
"2000-07-26";-0.0021
"2000-07-25";0.0083
"2000-07-24";-0.0033
"2000-07-21";0.0155
"2000-07-20";0.0004
"2000-07-19";-0.0146
"2000-07-18";0.0001
"2000-07-17";0.0008
"2000-07-14";-0.0005
"2000-07-13";-0.0157
"2000-07-12";-0.0029
"2000-07-11";0.0004
"2000-07-10";0.0042
"2000-07-07";-0.0061
"2000-07-06";0.0005
"2000-07-05";0.0052
"2000-07-04";-0.0006
"2000-07-03";-0.0065
"2000-06-30";0.0054
"2000-06-29";0.0094
"2000-06-28";0.0014
"2000-06-27";0.0079
"2000-06-26";-0.0091
"2000-06-23";0.0008
"2000-06-22";-0.0068
"2000-06-21";-0.0071
"2000-06-20";-0.0105
"2000-06-19";0.0078
"2000-06-16";0.0043
"2000-06-15";-0.0116
"2000-06-14";0.0055
"2000-06-13";0.0058
"2000-06-12";0.0038
"2000-06-09";-0.0184
"2000-06-08";0.0119
"2000-06-07";0.0072
"2000-06-06";0.0055
"2000-06-05";0.0083
"2000-06-02";0.0026
"2000-06-01";0.0029
"2000-05-31";-0.0059
"2000-05-30";0.0104
"2000-05-29";0.0130
"2000-05-26";0.0180
"2000-05-25";-0.0128
"2000-05-24";-0.0014
"2000-05-23";0.0123
"2000-05-22";0.0140
"2000-05-19";-0.0074
"2000-05-18";0.0022
"2000-05-17";-0.0157
"2000-05-16";-0.0089
"2000-05-15";0.0130
"2000-05-12";-0.0055
"2000-05-11";-0.0030
"2000-05-10";0.0143
"2000-05-09";0.0029
"2000-05-08";-0.0035
"2000-05-05";0.0041
"2000-05-04";0.0038
"2000-05-03";-0.0222
"2000-05-02";0.0034
"2000-04-28";-0.0085
"2000-04-27";-0.0032
"2000-04-26";-0.0117
"2000-04-25";-0.0078
"2000-04-20";-0.0089
"2000-04-19";-0.0037
"2000-04-18";-0.0079
"2000-04-17";0.0034
"2000-04-14";0.0003
"2000-04-13";-0.0040
"2000-04-12";-0.0018
"2000-04-11";0.0004
"2000-04-10";0.0027
"2000-04-07";-0.0063
"2000-04-06";-0.0049
"2000-04-05";0.0141
"2000-04-04";-0.0027
"2000-04-03";0.0011
"2000-03-31";-0.0002
"2000-03-30";-0.0013
"2000-03-29";-0.0081
"2000-03-28";-0.0066
"2000-03-27";-0.0003
"2000-03-24";0.0061
"2000-03-23";0.0055
"2000-03-22";-0.0101
"2000-03-21";-0.0014
"2000-03-20";0.0044
"2000-03-17";0.0009
"2000-03-16";0.0016
"2000-03-15";0.0028
"2000-03-14";-0.0098
"2000-03-13";0.0107
"2000-03-10";-0.0003
"2000-03-09";0.0076
"2000-03-08";-0.0052
"2000-03-07";-0.0048
"2000-03-06";-0.0019
"2000-03-03";-0.0067
"2000-03-02";0.0059
"2000-03-01";-0.0048
"2000-02-29";0.0077
"2000-02-28";-0.0177
"2000-02-25";-0.0085
"2000-02-24";-0.0168
"2000-02-23";0.0045
"2000-02-22";0.0167
"2000-02-21";0.0000
"2000-02-18";-0.0062
"2000-02-17";0.0117
"2000-02-16";0.0026
"2000-02-15";-0.0090
"2000-02-14";0.0067
"2000-02-11";-0.0067
"2000-02-10";-0.0066
"2000-02-09";0.0031
"2000-02-08";0.0139
"2000-02-07";-0.0069
"2000-02-04";0.0089
"2000-02-03";0.0031
"2000-02-02";0.0007
"2000-02-01";-0.0082
"2000-01-31";-0.0057
"2000-01-28";-0.0128
"2000-01-27";-0.0042
"2000-01-26";0.0010
"2000-01-25";-0.0018
"2000-01-24";-0.0069
"2000-01-21";0.0007
"2000-01-20";-0.0015
"2000-01-19";0.0011
"2000-01-18";0.0000
"2000-01-17";-0.0128
"2000-01-14";-0.0049
"2000-01-13";-0.0031
"2000-01-12";0.0050
"2000-01-11";0.0026
"2000-01-10";-0.0053
"2000-01-07";-0.0100
"2000-01-06";0.0019
"2000-01-05";0.0061
"2000-01-04";0.0213
"2000-01-03";0.0043
"1999-12-30";-0.0025
"1999-12-29";-0.0016
"1999-12-28";-0.0044
"1999-12-27";-0.0007
"1999-12-24";0.0052
"1999-12-23";0.0014
"1999-12-22";-0.0009
"1999-12-21";-0.0011
"1999-12-20";-0.0031
"1999-12-17";-0.0017
"1999-12-16";0.0124
"1999-12-15";-0.0016
"1999-12-14";-0.0088
"1999-12-13";-0.0012
"1999-12-10";-0.0033
"1999-12-09";-0.0059
"1999-12-08";-0.0002
"1999-12-07";0.0055
"1999-12-06";0.0166
"1999-12-03";-0.0041
"1999-12-02";-0.0033
"1999-12-01";-0.0005
"1999-11-30";0.0019
"1999-11-29";-0.0023
"1999-11-26";-0.0091
"1999-11-25";-0.0020
"1999-11-24";-0.0096
"1999-11-23";0.0003
"1999-11-22";0.0031
"1999-11-19";-0.0097
"1999-11-18";-0.0026
"1999-11-17";0.0069
"1999-11-16";0.0033
"1999-11-15";-0.0006
"1999-11-12";-0.0094
"1999-11-11";0.0003
"1999-11-10";-0.0021
"1999-11-09";0.0018
"1999-11-08";-0.0002
"1999-11-05";-0.0091
"1999-11-04";0.0012
"1999-11-03";-0.0015
"1999-11-02";-0.0061
"1999-11-01";0.0113
"1999-10-29";-0.0076
"1999-10-28";-0.0017
"1999-10-27";-0.0076
"1999-10-26";-0.0046
"1999-10-25";-0.0069
"1999-10-22";-0.0036
"1999-10-21";0.0018
"1999-10-20";-0.0037
"1999-10-19";-0.0046
"1999-10-18";0.0000
"1999-10-15";0.0103
"1999-10-14";-0.0018
"1999-10-13";0.0103
"1999-10-12";0.0034
"1999-10-11";-0.0024
"1999-10-08";-0.0067
"1999-10-07";-0.0007
"1999-10-06";0.0047
"1999-10-05";-0.0030
"1999-10-04";-0.0008
"1999-10-01";0.0059
"1999-09-30";0.0096
"1999-09-29";0.0076
"1999-09-28";0.0066
"1999-09-27";-0.0059
"1999-09-24";0.0044
"1999-09-23";-0.0075
"1999-09-22";0.0116
"1999-09-21";-0.0017
"1999-09-20";0.0008
"1999-09-17";0.0024
"1999-09-16";0.0002
"1999-09-15";0.0006
"1999-09-14";0.0019
"1999-09-13";-0.0169
"1999-09-10";-0.0067
"1999-09-09";-0.0019
"1999-09-08";0.0045
"1999-09-07";-0.0027
"1999-09-06";-0.0082
"1999-09-03";0.0018
"1999-09-02";0.0046
"1999-09-01";0.0037
"1999-08-31";0.0113
"1999-08-30";0.0003
"1999-08-27";-0.0001
"1999-08-26";0.0018
"1999-08-25";-0.0075
"1999-08-24";-0.0088
"1999-08-23";-0.0057
"1999-08-20";0.0142
"1999-08-19";0.0000
"1999-08-18";-0.0009
"1999-08-17";-0.0024
"1999-08-16";-0.0106
"1999-08-13";0.0027
"1999-08-12";-0.0028
"1999-08-11";-0.0064
"1999-08-10";0.0029
"1999-08-09";-0.0032
"1999-08-06";-0.0047
"1999-08-05";0.0027
"1999-08-04";0.0108
"1999-08-03";-0.0018
"1999-08-02";-0.0027
"1999-07-30";0.0013
"1999-07-29";0.0072
"1999-07-28";-0.0022
"1999-07-27";-0.0066
"1999-07-26";0.0192
"1999-07-23";-0.0002
"1999-07-22";0.0035
"1999-07-21";0.0049
"1999-07-20";0.0260
"1999-07-19";-0.0054
"1999-07-16";0.0000
"1999-07-15";0.0032
"1999-07-14";-0.0014
"1999-07-13";0.0058
"1999-07-12";-0.0078
"1999-07-09";0.0021
"1999-07-08";-0.0039
"1999-07-07";0.0000
"1999-07-06";-0.0010
"1999-07-05";-0.0008
"1999-07-02";-0.0022
"1999-07-01";-0.0061
"1999-06-30";-0.0034
"1999-06-29";-0.0023
"1999-06-28";-0.0052
"1999-06-25";0.0118
"1999-06-24";0.0039
"1999-06-23";-0.0031
"1999-06-22";-0.0025
"1999-06-21";-0.0047
"1999-06-18";0.0046
"1999-06-17";-0.0004
"1999-06-16";-0.0045
"1999-06-15";-0.0043
"1999-06-14";-0.0035
"1999-06-11";0.0000
"1999-06-10";0.0007
"1999-06-09";0.0077
"1999-06-08";0.0066
"1999-06-07";0.0000
"1999-06-04";-0.0064
"1999-06-03";0.0000
"1999-06-02";-0.0049
"1999-06-01";-0.0021
"1999-05-31";-0.0021
"1999-05-28";0.0005
"1999-05-27";-0.0058
"1999-05-26";-0.0086
"1999-05-25";0.0039
"1999-05-24";0.0012
"1999-05-21";-0.0062
"1999-05-20";0.0004
"1999-05-19";-0.0052
"1999-05-18";0.0004
"1999-05-17";0.0008
"1999-05-14";0.0050
"1999-05-13";-0.0021
"1999-05-12";-0.0081
"1999-05-11";-0.0002
"1999-05-10";-0.0047
"1999-05-07";-0.0012
"1999-05-06";0.0123
"1999-05-05";0.0097
"1999-05-04";-0.0023
"1999-05-03";-0.0007
"1999-04-30";-0.0006
"1999-04-29";-0.0058
"1999-04-28";0.0033
"1999-04-27";0.0015
"1999-04-26";-0.0018
"1999-04-23";0.0050
"1999-04-22";-0.0004
"1999-04-21";-0.0056
"1999-04-20";0.0009
"1999-04-19";-0.0029
"1999-04-16";-0.0109
"1999-04-15";0.0000
"1999-04-14";0.0020
"1999-04-13";-0.0093
"1999-04-12";0.0082
"1999-04-09";-0.0036
"1999-04-08";0.0005
"1999-04-07";0.0080
"1999-04-06";-0.0024
"1999-04-05";-0.0018
"1999-04-02";0.0000
"1999-04-01";0.0027
"1999-03-31";0.0028
"1999-03-30";0.0017
"1999-03-29";-0.0113
"1999-03-26";-0.0076
"1999-03-25";-0.0027
"1999-03-24";0.0029
"1999-03-23";0.0029
"1999-03-22";-0.0046
"1999-03-19";-0.0088
"1999-03-18";0.0041
"1999-03-17";0.0059
"1999-03-16";-0.0043
"1999-03-15";0.0015
"1999-03-12";0.0037
"1999-03-11";-0.0056
"1999-03-10";0.0082
"1999-03-09";-0.0041
"1999-03-08";0.0068
"1999-03-05";-0.0029
"1999-03-04";-0.0030
"1999-03-03";0.0011
"1999-03-02";-0.0090
"1999-03-01";-0.0029
"1999-02-26";-0.0011
"1999-02-25";-0.0005
"1999-02-24";0.0061
"1999-02-23";-0.0020
"1999-02-22";-0.0153
"1999-02-19";-0.0061
"1999-02-18";-0.0018
"1999-02-17";0.0068
"1999-02-16";-0.0055
"1999-02-15";-0.0005
"1999-02-12";-0.0060
"1999-02-11";-0.0026
"1999-02-10";0.0007
"1999-02-09";0.0077
"1999-02-08";-0.0040
"1999-02-05";0.0025
"1999-02-04";-0.0065
"1999-02-03";0.0000
"1999-02-02";0.0000
"1999-02-01";-0.0040
"1999-01-29";-0.0022
"1999-01-28";-0.0103
"1999-01-27";-0.0045
"1999-01-26";-0.0001
"1999-01-25";0.0014
"1999-01-22";-0.0004
"1999-01-21";-0.0002
"1999-01-20";-0.0035
"1999-01-19";0.0003
"1999-01-18";-0.0012
"1999-01-15";-0.0023
"1999-01-14";-0.0077
"1999-01-13";0.0194
"1999-01-12";-0.0042
"1999-01-11";-0.0077
"1999-01-08";0.0023
"1999-01-07";-0.0094
"1999-01-06";-0.0039
"1999-01-05";0.0000
